"sales_t","price_t","relative_shop_size","sales_t-1","price_t-1","salesRelationalCoefficient_t-1","priceRelationalCoefficient_t-2","sales_t-2","price_t-2","salesRelationalCoefficient_t-2","priceRelationalCoefficient_t-2","sales_t-3","price_t-3","salesRelationalCoefficient_t-3","priceRelationalCoefficient_t-3","sales_t-4","price_t-4","salesRelationalCoefficient_t-4","priceRelationalCoefficient_t-4"
"405.3263022825626","5.0","20.002467081353444","531.9159772904219","5.0","20.971023800520094","1.0029369174603828","720.5458862774985","5.0","22.12055897395681","1.00548400151725","0.0","4.999477426391568","0.3405065634664448","1.0082117255246856","314.2856428416175","5.0","25.42223788799017","1.0089997326334559"
"314.2856428416175","5.0","20.002467081353444","736.2513195329817","5.0","21.9465258180606","1.007343374860298","622.7099407949062","5.0","21.758778304743174","1.0124464636247428","562.1985276265767","5.0","20.082653939991662","1.0130771387463158","530.4376048758752","5.0","17.944481868779725","1.0148026435734194"
"530.4376048758752","5.0","20.002467081353444","525.7131376418793","5.0","19.720409833655804","1.0149768100701968","542.4529516262809","4.995391705069032","18.12868456498809","1.0149043474542858","486.13420559952857","5.0","16.419752899921516","1.0221059526122696","583.7072325497734","5.0","21.08190021605091","1.0220086847845875"
"583.7072325497734","5.0","20.002467081353444","696.116126801813","5.0","21.366054213004556","1.0259957620749451","894.315788165627","5.0","17.80544523695037","1.0231806350919002","2203.2499999999995","5.0","24.375450499750507","1.0255968939261275","1643.0154995220116","5.0","20.4295985940414","1.0228577415230264"
"1643.0154995220116","5.0","20.002467081353444","890.8343691253708","5.0","34.334628500065804","1.0255762239243231","672.1558914287448","4.998709677419354","23.968586505852212","1.0257243020925102","720.2258339672078","4.998412698412666","25.046006096796948","1.0243182828703628","818.2460214015866","5.0","22.911040954225534","1.0264740618078332"
"818.2460214015866","5.0","20.002467081353444","781.5766522062368","5.0","19.668846296750164","1.0273850891474","752.6419971802882","5.0","20.42232704649426","1.0218960515168822","735.6462694583774","4.999390218522258","20.790274222190522","1.0217767825930912","712.5897894967633","4.998039215686333","18.594970651511456","1.0223364764081295"
"2.30868488173058","1498.116","20.002467081353444","7.313774979184014","1372.5","142.97691411506963","0.9271022501422413","9.58932483896157","1080.2872778349697","43.99892846732754","0.823510670512967","0.0","999.0","3.7129187248375013","1.0164683810062687","1.9509085356542983","999.0","19.091618868699932","1.0185644257143085"
"1.9509085356542983","999.0","20.002467081353444","24.631136188266908","998.9875000000001","41.1087259154603","1.009864233712556","25.428426395939084","999.0","20.399719288222204","1.0100266736047863","18.83233082706767","987.9000000000001","18.493904459242145","1.0023174102391277","32.63289236319904","999.0","69.72426200044988","1.0143798501744032"
"32.63289236319904","999.0","20.002467081353444","11.780156850439733","999.0","22.51487401798198","1.0130264849790038","39.42393871986929","999.0","37.01391600847409","1.0070354346970927","6.1809086111355445","837.4615384615385","13.630750316742139","0.8437719745447848","31.39811439153589","994.2238095237857","20.72350375478318","1.2378194048105335"
"31.39811439153589","994.2238095237857","20.002467081353444","32.180609908409664","999.0","19.685651186234036","1.0074184347518298","37.291818818183884","999.0","20.45987225860464","1.0119533207296552","38.3988173455979","998.9727272727273","40.93921942604528","1.0068683715970397","29.263628034814474","999.0","26.70138896488884","1.0109170083530883"
"29.263628034814474","999.0","20.002467081353444","7.184081388244515","999.0","24.107561152232332","1.0032334799872553","48.03147208121827","999.0","32.274161717720126","1.0091978593237025","66.9593984962406","998.992857142857","30.301798515307357","1.0087231558927765","87.85778713168973","999.0","19.648285767795524","1.0086388626663092"
"87.85778713168973","999.0","20.002467081353444","142.26804811684906","999.0","22.573352465448128","1.0082756452916","6.224832429453046","999.0","2.0327538462039203","1.008661088682322","145.2513523616853","905.21875","27.420001464819222","0.9195401831918287","77.5718120261475","999.0","23.897564691518824","1.0868361728248157"
"11.14460285132383","3399.0","20.002467081353444","6.85027541311968","3399.0","27.60396749783264","1.0039565004306947","8.265861027190331","3399.0","24.0017628669806","1.0027200408006118","8.693599636858828","3399.0","24.008731802352806","1.0036738220580015","6.282433983926522","3399.0","16.741870747126928","1.003049380287232"
"6.282433983926522","3399.0","20.002467081353444","6.2370820668693","2999.0","19.655260037480538","0.8931319290587479","10.983165500807134","2799.0","17.225963010397717","0.8317208163090911","10.044288224956064","2643.4444444444443","23.374099779965054","0.8897678670442924","5.5192068329112836","2599.0","15.21317101343104","0.936470861377889"
"5.5192068329112836","2599.0","20.002467081353444","3.7551907206560027","2598.907142857143","21.10530914408422","0.9919715626433334","10.12083847102343","2599.0","6.712955447088688","1.0075712854120014","29.56062424969988","2599.0","16.83186652046532","1.0102195631584723","16.716904276985744","2599.0","9.24564396245434","1.0050943889921855"
"16.716904276985744","2599.0","20.002467081353444","28.771156735102654","2599.0","17.241795209313878","1.008458026598545","24.797583081570995","2599.0","17.654965570797852","1.0033957028239302","23.59691330004539","2598.9727272727273","22.69395829795604","1.0041467031281293","30.365097588978188","2594.181481481481","28.134079874239283","1.0007094191036912"
"30.365097588978188","2594.181481481481","20.002467081353444","30.49240121580547","2591.5","25.957818684130363","1.0040184323806214","97.7501729571835","2591.9297606836667","23.39244184436556","1.0061482932832866","102.11693028705332","2567.862774335","19.472857693630772","0.9950680537593162","134.53066655221252","2942.751933242979","18.551762491949802","1.1439135814246515"
"134.53066655221252","2942.751933242979","20.002467081353444","205.78445149194894","2942.751933242979","23.522250060746078","1.1596292571621523","0.0","2942.751933242979","1.0","1.0847859733978036","0.0","2942.751933242979","1.0","1.0847859733978036","0.0","2942.751933242979","1.0","1.0847859733978036"
"36.44486539311102","1227.5999999997587","20.002467081353444","78.18475319505035","867.9552083336249","28.662678905946624","0.748245424717717","103.59568238609614","1227.282857142633","54.36924365265645","0.8736904800451472","54.05253888235301","1354.7431899639357","37.82815793199595","1.0198076920019614","100.7841659463739","1327.1560927962332","35.25700488114311","1.1685291972976193"
"100.7841659463739","1327.1560927962332","20.002467081353444","103.68465014439006","900.0051724137932","36.37016179792073","0.8257581017845906","72.10066040074831","1202.5579701906552","26.203383243737633","0.9157837990231994","96.22316588847742","1105.537037037389","38.178980297748794","0.9187749896683036","101.37673607544124","1298.6","36.28623929509709","1.3345354599573778"
"101.37673607544124","1298.6","20.002467081353444","111.37468221267642","785.7142857142857","34.053015656096385","0.747585706306858","56.9555690661266","331.1","20.82545710228273","0.3334470906701878","27.775457116499044","365.1714285714285","21.121460551083583","0.33919860035893973","7.475869824227902","494.0","4.632646139371101","0.6196154472367298"
"7.475869824227902","494.0","20.002467081353444","19.92944689285597","256.6666666666667","13.830873084516426","0.31149022241011065","23.02126275246581","395.2857142857143","44.906907568970304","0.5299876629977854","3.4210467647058866","177.0","36.561845168669535","0.22799630868612297","5.677981180077403","300.0","41.01398837921475","0.44133585658686214"
"5.677981180077403","300.0","20.002467081353444","7.089548727821543","350.0","305.8669527123347","0.5934171243227304","4.070198571009985","811.5569687103713","274.3624428765882","1.401417979705792","0.6922529920034347","207.66666666666666","18.942337378804393","0.2647941030031452","0.9386734821800116","299.0","9.849977203884539","0.46499271018953503"
"0.9386734821800116","299.0","20.002467081353444","0.0","294.0952380952857","19.381801465345273","0.5645926163132674","5.995323059592273","279.0","164.19160592115082","0.8201651300729955","13.887728558249522","1074.0","77.88063029837669","2.8382701351349566","15.886223376484292","693.2268181818182","100.08426963988977","1.9847350223930322"
"23.92409594882261","1069.2173913043478","20.002467081353444","36.4817904396335","1044.0","52.60844670950269","0.911191145929178","37.36827036245286","1049.0","42.70576600593751","0.916512626257428","53.10479799001529","1049.0","37.653343221308695","0.9421072635740906","54.63670792551934","1047.25","31.705657369657835","0.982562250628146"
"54.63670792551934","1047.25","20.002467081353444","62.499667075942746","1049.0","30.39766905333444","1.0035323963474325","44.67796063246208","1049.0","35.35075135653388","1.004909519392983","50.22671521303396","1046.5","24.845035100620198","1.00211598032482","58.35968966687901","1049.0","26.89975089164475","1.0045374180934503"
"58.35968966687901","1049.0","20.002467081353444","48.52884629753554","1049.0","30.338115226949768","1.0034280563942308","44.366635169378796","1049.0","21.730502654790218","1.0029511279569132","55.503768963313384","1044.2272727272727","26.359044322584236","0.997728158376489","59.81023987205653","1049.0","26.378821978560833","1.0039863977530965"
"59.81023987205653","1049.0","20.002467081353444","59.01466100528948","1048.9956521739132","32.00420293187248","1.0030101596499617","38.46733713781912","1049.0","23.73637003836217","1.002430928111588","30.858193426630507","1049.0","20.15998569668136","1.005599362881976","38.44805372536546","1037.3333333333333","29.101699450825027","0.9905527126350149"
"38.44805372536546","1037.3333333333333","20.002467081353444","44.77588089022764","1049.0","40.42777348518219","1.0021037511512718","27.270962983450882","1049.0","24.382946027974523","1.0034694447435983","24.303249296629335","1040.25","34.587278000410166","0.9933203012395503","18.156347896362355","1048.9923076923076","20.476822071766072","1.0067507251815646"
"18.156347896362355","1048.9923076923076","20.002467081353444","30.471601163568824","1040.9307692307693","29.88318972761383","0.9949818192274843","23.98196495642097","1046.502380952381","22.41744493667388","1.0024804764885284","24.367508325357097","1049.0","30.543348521402077","1.0049461300632783","29.905119936028264","1048.990909090909","30.347259217170077","1.0032983340590171"
"3.038961038961039","3399.0","20.002467081353444","5.969387755102041","3399.0","20.75740114926623","1.0047116815837895","4.069565217391304","2999.0","23.913235232265375","0.8855316242374398","4.293577981651376","2799.0","14.478566131562888","0.8255548944412658","3.9661016949152543","2599.0","22.15103730166938","0.766229291022632"
"3.9661016949152543","2599.0","20.002467081353444","3.0","2599.0","13.88749008153435","0.7688704747406869","8.777070063694268","2599.0","19.581366726890337","0.7702457831869397","13.96192815474363","2599.0","38.083555529862394","0.8703053283280334","3.2266625039025914","2598.983333333333","13.914443481718617","0.935265997985223"
"3.2266625039025914","2598.983333333333","20.002467081353444","2.036453201970443","2598.9928571428572","10.931065591170144","0.991819200583443","15.954545454545455","2599.0","14.791561847340597","1.002946686500172","12.31578947368421","2611.5","8.93211659277389","1.0084199202366237","25.83116883116883","2599.0","18.388437369256604","1.0027295902954905"
"25.83116883116883","2599.0","20.002467081353444","13.13265306122449","2598.986956521739","13.665958717809975","1.006574859704084","21.365217391304345","2599.0","15.191127318644677","1.0052958333267399","20.394495412844037","2593.4444444444443","30.89992785800873","1.0019872705480994","21.8135593220339","2554.799122807","16.51963133842437","0.986405516188019"
"21.8135593220339","2554.799122807","20.002467081353444","26.0","2959.1041043942064","25.01442541377112","1.148446095630503","52.66242038216561","2959.1041043942064","21.905166079244044","1.1454474360743174","36.80871968068775","2959.1041043942064","14.238113622079805","1.14562488355615","92.28254761161412","2959.1041043942064","22.26391861920224","1.14715332919028"
"92.28254761161412","2959.1041043942064","20.002467081353444","102.22995073891624","2959.1041043942064","22.056386730935223","1.1661519018694135","0.0","2959.1041043942064","1.0","1.0810277359229776","0.0","2959.1041043942064","1.0","1.0810277359229776","0.0","2959.1041043942064","1.0","1.0810277359229776"
"14.559220389805096","23560.1","20.002467081353444","10.800285986653956","19303.0625","17.36375290515053","0.7132489443873116","10.0527950310559","20759.30769230769","16.962072697113392","0.7379486270645985","13.396162528216705","19847.476190478574","19.583160951157502","0.7607480268890912","11.043593631539043","18355.647058823528","23.451724686306278","0.729863326383504"
"11.043593631539043","18355.647058823528","20.002467081353444","18.083798882681563","21704.64285714286","15.96534397721119","0.8484955534096565","4.1404783424876594","22990.0","27.109472350375462","0.9854010543677735","8.371397282884713","22990.0","26.031956278142985","1.159908792575203","62.25","22990.0","17.828883495145632","1.1529720346760812"
"62.25","22990.0","20.002467081353444","62.25000000000001","21899.03636363636","18.17133820268684","1.1084947834290477","62.25","18990.0","18.310224462508728","1.0333864507633839","62.25","27990.0","21.13807730628239","1.280409494034139","15.772488755622188","22525.202676113633","8.772058899062369","0.9808209849733743"
"15.772488755622188","22525.202676113633","20.002467081353444","27.772163965681603","18163.23232325","15.935993326346786","0.7905862194819965","30.1583850931677","22998.484170966272","16.486719220618443","1.0034711834361643","19.48532731376975","22998.484170966272","13.181638709732313","1.082228905088966","26.995451099317663","22998.484170966272","13.351300132654242","1.212918957510575"
"26.995451099317663","22998.484170966272","20.002467081353444","4.520949720670391","22998.484170966272","38.49277216995907","0.8971943438081146","30.757839115622613","22998.484170966272","17.43943555935254","0.994776249575559","27.274552437785676","22998.484170966272","16.564344140246007","1.2638407570987873","0.0","22998.484170966272","1.0","1.0400300766853876"
"0.0","22998.484170966272","20.002467081353444","0.0","22998.484170966272","1.0","1.0400300766853876","0.0","22998.484170966272","1.0","1.0400300766853876","0.0","22998.484170966272","1.0","1.0400300766853876","0.0","2959.1041043942064","1.0","0.13381565696831094"
"144.29999999999998","2121.945235948655","20.002467081353444","0.0","2121.945235948655","0.1223812487035885","1.0717913775751506","144.29999999999998","2121.945235948655","17.65961418792782","1.0841259736872892","0.0","2121.945235948655","1.0","1.0342073354485615","0.0","2121.945235948655","1.0","1.0342073354485615"
"0.0","2121.945235948655","20.002467081353444","0.0","2121.945235948655","1.0","1.0342073354485615","0.0","2121.945235948655","1.0","1.0342073354485615","0.0","2121.945235948655","1.0","1.0342073354485615","0.0","2121.945235948655","1.0","1.0342073354485615"
"0.0","2121.945235948655","20.002467081353444","0.0","2121.945235948655","1.0","1.0342073354485615","0.0","2121.945235948655","1.0","1.0342073354485615","0.0","2121.945235948655","1.0","1.0342073354485615","0.0","2121.945235948655","1.0","1.0342073354485615"
"0.0","2121.945235948655","20.002467081353444","0.0","2121.945235948655","1.0","1.0342073354485615","0.0","2121.945235948655","1.0","1.0342073354485615","0.0","2121.945235948655","1.0","1.0342073354485615","0.0","2121.945235948655","1.0","1.0342073354485615"
"0.0","2121.945235948655","20.002467081353444","0.0","2121.945235948655","1.0","1.0342073354485615","0.0","2121.945235948655","1.0","1.0342073354485615","0.0","2121.945235948655","1.0","1.0342073354485615","0.0","2121.945235948655","1.0","1.0342073354485615"
"0.0","2121.945235948655","20.002467081353444","0.0","2121.945235948655","1.0","1.0342073354485615","0.0","2121.945235948655","1.0","1.0342073354485615","0.0","22998.484170966272","1.0","11.209149336588478","0.0","22998.484170966272","1.0","11.209149336588478"
"0.0","799.0","20.002467081353444","0.0","737.6153846153846","6.048755993622811","1.1685525098296254","4.805747126436782","799.3333333333334","59.779489463601536","1.0357892138714058","4.547860768672952","533.1666666666666","20.09918222443761","0.9518112355104268","7.2065498419994265","1199.0","17.878435390083265","2.0089319000695993"
"7.2065498419994265","1199.0","20.002467081353444","7.47287446554987","1199.0","22.79874349076815","1.508866555333565","8.018664847137543","1198.9641025638462","30.092019603373966","1.5091131263518147","7.50929331806777","1199.0","45.7552418031868","1.5133124135643965","29.08663160808193","787.8615320512308","20.45419208811603","0.9900256847638184"
"29.08663160808193","787.8615320512308","20.002467081353444","84.75","1076.2910000000002","33.34423481751619","1.4512274359469712","84.75","1079.459770114931","25.80774193548387","1.4494972002330582","84.75","1199.0","25.80774193548387","3.486997441980601","84.75","1199.0","25.80774193548387","1.0438153334384637"
"84.75","1199.0","20.002467081353444","84.75","917.1800028018057","33.839542062585146","0.7711414536008135","48.05747126436782","917.1800028018057","16.181674858327217","0.7752551292822839","50.026468455402465","917.1800028018057","25.04960508394809","0.7697630330939362","29.727018098247633","917.1800028018057","28.33279778529202","1.2212300580377602"
"29.727018098247633","917.1800028018057","20.002467081353444","27.69359360762599","917.1800028018057","19.32607004195294","0.9333251005508539","35.46717143926221","917.1800028018057","26.2583138887022","0.8941815054780475","35.839809018050715","917.1800028018057","25.191310396244663","0.7732670124676533","40.7212842513147","917.1800028018057","42.137545523829445","0.7732690766668303"
"40.7212842513147","917.1800028018057","20.002467081353444","0.0","917.1800028018057","1.0","0.9945360861013444","0.0","2121.945235948655","1.0","2.3009126926394585","0.0","2219.0","1.0","2.4061531742049644","0.0","2399.0","1.0","2.601334594374813"
"0.0","1599.0","20.002467081353444","3.1500000000000004","1598.98125","26.492049497293117","1.015936725954367","0.0","1599.0","7.058041648205583","1.0122815902760194","1.8000000000000003","2599.0","11.993649164052998","1.6253908692933083","2.930232558139535","2599.0","11.712923422367561","1.6253908692933083"
"2.930232558139535","2599.0","20.002467081353444","3.7058823529411766","2599.0","14.772981065282211","1.6403196344075701","22.066914498141266","2599.0","25.59774935038027","1.629218929010838","20.46896551724138","2598.976923076923","31.940155956409075","1.6330337739030236","18.284330244313395","2598.9333333333334","18.275996030716563","1.628031154779666"
"18.284330244313395","2598.9333333333334","20.002467081353444","26.048936170212766","2598.957142857143","27.3909701057824","1.6268458982479654","21.823529411764707","2599.0","23.66666082861469","1.632164019576978","10.574821852731592","2599.0","18.748834951881076","1.6160901122751312","3.8165452207458217","2599.0","26.036373582757754","1.000001904772789"
"3.8165452207458217","2599.0","20.002467081353444","12.600000000000001","2598.994202898695","10.447872302569706","1.0017873638000534","42.0","2595.3054187189655","38.54032258064516","1.0045741822639587","25.200000000000003","2586.102131287647","22.94779572551537","0.9962576620635093","14.651162790697676","2160.8008746003334","32.82396059887906","0.8334364022956796"
"14.651162790697676","2160.8008746003334","20.002467081353444","7.411764705882353","2160.8008746003334","17.216672863033676","0.8345481618862237","14.973977695167287","2160.8008746003334","12.856026015972311","0.8339771094004726","19.006896551724136","2160.8008746003334","10.002068117624246","0.8331592205368273","26.72325189553496","2160.8008746003334","13.512457899380987","0.8339095737639806"
"26.72325189553496","2160.8008746003334","20.002467081353444","40.25744680851064","917.1800028018057","17.228760802611664","0.3545113199043604","50.92156862745099","917.1800028018057","22.455247312908995","0.354956944980388","79.31116389548694","917.1800028018057","21.863258845884562","0.3558736951745923","96.367766823832","917.1800028018057","16.892217004735308","0.35860939648737883"
"285.2499664706765","5.0","14.73419168074906","658.4701564843349","4.996898263027419","28.35868862496989","1.0023147481567722","892.4000189678949","5.0","30.08684713580616","1.00548400151725","0.0","5.0","0.3405065634664448","1.0083171095067576","0.0","5.0","0.056530703160836186","1.0089997326334559"
"0.0","5.0","14.73419168074906","800.559866118014","5.0","24.66483812882472","1.007343374860298","435.79162781813346","5.0","13.70978760540256","1.0124464636247428","383.5112332320487","5.0","12.362224766750991","1.0130771387463158","360.0921037379233","5.0","11.097806989747575","1.0148026435734194"
"360.0921037379233","5.0","14.73419168074906","388.10932535305966","5.0","13.387421774565924","1.0149768100701968","464.1445807783433","5.0","14.852808893311346","1.0158406060774174","478.99308135882336","5.0","16.112682266275964","1.0221059526122696","495.3327120470531","5.0","16.971892091637677","1.0220086847845875"
"495.3327120470531","5.0","14.73419168074906","399.31322742624326","4.997751240694838","10.616918324281096","1.0255343185715406","200.60252527219487","5.0","3.2363103542344063","1.0231806350919002","1348.7499999999998","5.0","12.861023607688713","1.0255968939261275","1348.7499999999998","5.0","15.791321243193993","1.0228577415230264"
"1348.7499999999998","5.0","14.73419168074906","327.1253246033954","4.999807518008308","9.214786470627692","1.0255367429334805","465.9517304454667","4.999807518008308","14.774207922946017","1.025949576582245","518.5228408494537","4.999807518008308","16.11580123016931","1.024604121455395","560.3062469567686","2160.8008746003334","13.977636124053634","443.60121010178455"
"560.3062469567686","2160.8008746003334","14.73419168074906","584.843243727293","2099.0","13.578507570851388","431.2962604240784","528.584916571209","2160.8008746003334","13.002852613549557","441.6227763736613","489.2025253664715","2160.8008746003334","12.36572539392612","441.62509205494143","492.12043764986083","2160.8008746003334","11.700880788984131","441.98643848678955"
"0.6179683640009226","999.0","14.73419168074906","1.9205537895015952","829.7615384615384","13.471513808647027","0.5604909212307324","7.457892895519403","999.0","29.353638731934875","0.7615448008341092","7.628938889628544","999.0","54.482363488526765","1.0164683810062687","0.0","999.0","7.393557123005827","1.0185644257143085"
"0.0","999.0","14.73419168074906","15.60340128480072","999.0","20.744156718048863","1.0098768698095257","32.268091603053435","998.9571428571428","28.541130465299783","1.0099833434171586","26.43932949712284","999.0","29.72825005806925","1.013579403612601","10.74686747711041","999.0","12.809484395798984","1.0143798501744032"
"10.74686747711041","999.0","14.73419168074906","9.416427703523693","984.7142857142857","16.71713924389407","0.9985401917575107","17.165590676306948","999.0","11.900950559020478","1.0070354346970927","7.524898724176767","999.0","17.472385688765616","1.0065276599075155","31.516386564047053","999.0","20.829125064579543","1.2437658136531875"
"31.516386564047053","999.0","14.73419168074906","39.051260386532434","892.9208754208889","25.72085122358721","0.9004453960698153","23.865257265662088","998.9444444444445","11.64017073309991","1.0118970448248208","24.79405139129277","999.0","21.21804238359748","1.0068958598815028","33.38957345971564","999.0","32.54256406897846","1.0109170083530883"
"33.38957345971564","999.0","14.73419168074906","5.20113376160024","999.0","15.684468809422466","1.0032334799872553","23.30473282442748","999.0","12.218509446305653","1.0091978593237025","47.00325243932949","4.999807518008308","18.44719063630508","0.005048506185365604","120.00668682773292","5.0","30.562277953408763","0.005048242555887434"
"120.00668682773292","5.0","14.73419168074906","193.46478736330496","5.0","35.597824524043766","0.005046424651109108","95.07096374570003","5.0","61.0839239349105","0.005048353797208818","153.50793397320604","5.0","29.76497081166","0.005079104819646239","95.785096420143","5.0","32.609762426914045","0.0054396204846086866"
"5.532786885245901","2585.0714285714284","14.73419168074906","2.235099337748344","2599.0","6.848023817401584","0.7676619431066123","9.427374301675977","2599.0","29.034203331501548","0.7667165007475112","5.879790940766551","2599.0","14.348188872608441","0.7674457968604724","8.090753424657535","2599.0","23.47845435755409","0.7669683257918553"
"8.090753424657535","2599.0","14.73419168074906","6.136363636363636","2598.9930555555557","19.234386177764083","0.7740058957381204","10.456933758678925","2599.0","16.174362553766922","0.7722909616246258","8.065566652192793","2599.0","17.41058972727907","0.8748081282011284","6.871240871912205","2598.137931034483","20.21693388780861","0.9361602409597647"
"6.871240871912205","2598.137931034483","14.73419168074906","2.351473708746604","2568.030405638462","11.657223178147616","0.9801862838378467","19.471153846153843","2960.3024909709375","14.431867489845764","1.1476397791596527","23.18702290076336","2960.3024909709375","12.43767603179654","1.150656209790534","22.131147540983605","2960.3024909709375","12.89455312090079","1.144818554595798"
"22.131147540983605","2960.3024909709375","14.73419168074906","31.291390728476816","2960.3024909709375","19.244740881379084","1.1486497915272444","11.312849162011172","2960.3024909709375","6.927131009890163","1.1428837239319796","21.167247386759584","2960.3024909709375","19.581731769411483","1.1437511272731886","15.02568493150685","2960.3024909709375","11.219146216073963","1.1419411507089214"
"15.02568493150685","2960.3024909709375","14.73419168074906","20.454545454545453","2960.3024909709375","15.209835526105481","1.1469026688624695","72.03665478201037","1076.7625174882992","15.610832897289354","0.41798307410788255","83.88189318280504","1499.0","15.105326611451204","0.5808748923397968","104.44286125306552","1076.7625174882992","13.456355642990394","0.41856170539202653"
"104.44286125306552","1076.7625174882992","14.73419168074906","160.2361370103043","1499.0","16.830630091696772","0.5907002343110987","0.0","1499.0","1.0","0.5525760278173754","0.0","1499.0","1.0","0.5525760278173754","0.0","1499.0","1.0","0.5525760278173754"
"41.68178165537826","865.25","14.73419168074906","55.62892599969358","257.75","17.886788253415574","0.22220070387187527","43.26508514617581","450.4444444443334","14.776517850698696","0.32066692744042913","25.00150331949196","1048.7384015166338","13.012891120467536","0.7894569957520701","53.712574850299404","1048.7384015166338","14.690093232239242","0.9233890792132893"
"53.712574850299404","1048.7384015166338","14.73419168074906","50.20331239291834","649.5","13.361611864293724","0.5959186719679257","31.509785647716683","2290.4","9.160995252729126","1.7442079843769973","17.865420356401007","609.3333333333334","4.642279805423899","0.5063966274148016","24.579798609722456","1048.7384015166338","6.001733816148829","1.0777595757299907"
"24.579798609722456","1048.7384015166338","14.73419168074906","42.388170055452875","174.5","9.547123760406105","0.1660319891370595","12.92602232123164","1048.7384015166338","3.7131314263595847","1.0561726634244177","31.253861530074506","1048.7384015166338","24.882085406310242","0.9741468529691721","28.51911376420618","1048.7384015166338","22.68695048685471","1.3154139953240123"
"28.51911376420618","1048.7384015166338","14.73419168074906","17.56702926306113","1499.0","11.861758718977814","1.8191838054263216","10.816271286543952","1177.0","15.032863189538066","1.57808758779861","3.5716433313559945","119.0","39.24180628121207","0.15328565386242166","0.0","1099.0","4.261174510167412","1.6167603546298717"
"0.0","1099.0","14.73419168074906","0.0","2960.3024909709375","6.97640117491453","5.019126260906827","0.8752718235476856","3399.0","12.687596609444824","5.869482854160491","2.1561714223242596","3399.0","183.76823991610877","4.334037669860469","2.2345271463384053","3399.0","30.47079729492823","5.285987364328527"
"2.2345271463384053","3399.0","14.73419168074906","0.0","3399.0","19.381801465345273","6.5252681929757435","2.154337053538607","3398.8125","21.200840204167736","9.991353032818003","0.0","3399.0","2.41717588873482","8.982570008681302","0.0","3399.0","2.336522312233825","9.731467629610023"
"15.539164186596867","1049.0","14.73419168074906","7.931872777937928","1042.2653846153846","6.737023228514818","0.9096771936494328","15.83426224511762","1049.0","12.7695646010532","0.916512626257428","27.501441782985815","1049.0","14.911459011941961","0.9421072635740906","33.38880540701581","1049.0","16.02625333727643","0.9842041546038912"
"33.38880540701581","1049.0","14.73419168074906","29.516153031348697","1049.0","11.286771468623234","1.0035323963474325","23.100998003992014","1049.0","14.176228692936109","1.004909519392983","30.91422805247225","1049.0","13.160983225529483","1.0045099506552664","24.90588564901618","1049.0","9.101235708292668","1.0045374180934503"
"24.90588564901618","1049.0","14.73419168074906","10.271201395107695","1049.0","4.5689695116344735","1.0034280563942308","25.787962706845214","1049.0","10.943015343672114","1.0029511279569132","16.9585503463966","1049.0","6.146649536469981","1.0022883575942458","39.9578507655348","1033.2","15.345743021928168","0.9888643909995227"
"39.9578507655348","1033.2","14.73419168074906","27.761554722782748","1049.0","11.695577760306955","1.0030143168776187","22.167967143164667","1049.0","11.686616102519958","1.002430928111588","22.75981388936757","999.0","13.645576813928724","0.9576680300468007","26.926455973399847","1048.7384015166338","17.756324387193004","1.0014434464654347"
"26.926455973399847","1048.7384015166338","14.73419168074906","18.090545406310493","1341.34375","11.59764609854317","1.281378077653302","12.22994011976048","1099.0151515148182","8.90501483490253","1.051313750100454","8.587285570131181","1175.9583333333126","8.86167239707806","1.1229063070529253","13.04594010186562","804.9285714285714","13.403889720423487","0.7725151243366144"
"13.04594010186562","804.9285714285714","14.73419168074906","15.873674883348258","1111.0694444444166","12.527435685972508","1.0620244206426117","15.311602857189346","1094.2888888886666","12.584062839960735","1.0482568092686737","13.18998360275291","1574.6388888890556","13.36032255848602","1.5085102551346012","6.6596417942558","1373.83333333375","4.827850104516641","1.3139910771991676"
"3.1094688221709004","2599.0","14.73419168074906","7.66742596810934","2613.275","29.627016031220524","0.7724589348899317","4.833429063756461","2599.0","30.740432050091005","0.7674213709213424","6.42541587128443","2599.0","24.67381775794512","0.7665656200974812","2.530827067669173","2599.0","12.444151875672866","0.766229291022632"
"2.530827067669173","2599.0","14.73419168074906","3.805539853024307","2597.410229276667","18.80499745385269","0.7684001677877135","8.20671012879631","2562.944471597778","17.92237911496009","0.759560281566167","7.229583975346687","2957.9295153571975","15.039056813644","0.9904970442609182","2.9719230090058266","2957.9295153571975","12.581663812452872","1.0644357986714663"
"2.9719230090058266","2957.9295153571975","14.73419168074906","3.289923082993875","2957.9295153571975","19.932361839616163","1.1287954406034328","15.852433281004709","2957.9295153571975","14.67334877140568","1.141456562650466","18.293478260869563","2957.9295153571975","14.31970118840086","1.1421922442818535","23.32101616628175","2957.9295153571975","16.113512989550195","1.141209484823802"
"23.32101616628175","2957.9295153571975","14.73419168074906","7.66742596810934","2957.9295153571975","7.2773140429911924","1.1455915465308477","17.40034462952326","2957.9295153571975","11.807822184751839","1.1441301335370426","11.932915189528225","1070.2274871312343","14.852386633093094","0.41348652021188426","25.30827067669173","1149.0","20.066333462535674","0.44362780931863266"
"25.30827067669173","1149.0","14.73419168074906","20.93046919163369","1149.0","18.599496584815352","0.4459338087902763","44.01780887263476","1149.0","17.257632646070356","0.4447694496773473","46.99229583975347","1149.0","19.47769106382603","0.4448383513277903","82.02507504856082","1149.0","18.992593235559525","0.4454318363731483"
"82.02507504856082","1149.0","14.73419168074906","83.65804411041567","1149.0","16.901589715427995","0.45280885294242285","0.0","1149.0","1.0","0.4197557182023464","0.0","1122.6842105263158","1.0","0.41014196440723066","0.0","1072.5294117647059","1.0","0.3918192807035981"
"11.771300448430491","18989.99609375","14.73419168074906","15.958690568978957","24656.666666666668","29.853253270527222","0.9110648360647339","12.945205479452053","23435.163170163636","23.81212575695963","0.8330695195998914","12.804878048780486","18145.55555555","18.44851608044839","0.6955139007705843","3.137450199203187","22938.582580522525","5.18664003994436","0.9120915286227954"
"3.137450199203187","22938.582580522525","14.73419168074906","19.20731707317073","22938.582580522525","17.247204082257863","0.8967337287786021","2.8253424657534243","22938.582580522525","16.142763272605464","0.983197192716361","4.733009708737863","22938.582580522525","12.349693863594268","1.1573146422079368","56.25","22938.582580522525","15.654481132075471","1.1503933984536916"
"56.25","22938.582580522525","14.73419168074906","56.25","22938.582580522525","15.94650140602437","1.161114978190913","56.25","22938.582580522525","16.064843005020624","1.2482580536297503","56.24999999999999","22938.582580522525","18.463099190579406","1.0493311509748897","24.719730941704032","22938.582580522525","15.014513347753091","0.998820897819463"
"24.719730941704032","22938.582580522525","14.73419168074906","13.503507404520656","22938.582580522525","6.8042363455918755","0.9984416297641646","21.575342465753423","2957.9295153571975","10.925725578509699","0.12906055065330593","21.95121951219512","3399.0","15.281867398896555","0.15994515208272725","47.846115537848604","3399.0","28.675555618255718","0.17926014192635506"
"47.846115537848604","3399.0","14.73419168074906","4.801829268292683","3399.0","42.611474159606765","0.13259845961733466","36.215753424657535","3399.0","21.670668763117998","0.14702031869456306","34.22330097087378","3399.0","22.38562998845335","0.18678599430487125","0.0","3399.0","1.0","0.1537084881062015"
"0.0","3399.0","14.73419168074906","0.0","3399.0","1.0","0.1537084881062015","0.0","3399.0","1.0","0.1537084881062015","0.0","3399.0","1.0","0.1537084881062015","0.0","3399.0","1.0","0.1537084881062015"
"184.5","2093.4014306289523","14.73419168074906","184.49999999999997","2093.4014306289523","36.577620967741936","1.057373944030423","184.49999999999997","2093.4014306289523","24.633401221995925","1.069542618654977","0.0","2093.4014306289523","1.0","1.020295471775956","0.0","2093.4014306289523","1.0","1.020295471775956"
"0.0","2093.4014306289523","14.73419168074906","0.0","2093.4014306289523","1.0","1.020295471775956","0.0","2093.4014306289523","1.0","1.020295471775956","0.0","2093.4014306289523","1.0","1.020295471775956","0.0","2093.4014306289523","1.0","1.020295471775956"
"0.0","2093.4014306289523","14.73419168074906","0.0","2093.4014306289523","1.0","1.020295471775956","0.0","2093.4014306289523","1.0","1.020295471775956","0.0","2093.4014306289523","1.0","1.020295471775956","0.0","2093.4014306289523","1.0","1.020295471775956"
"0.0","2093.4014306289523","14.73419168074906","0.0","22938.582580522525","1.0","11.179954113642838","0.0","22938.582580522525","1.0","11.179954113642838","0.0","22938.582580522525","1.0","11.179954113642838","0.0","22938.582580522525","1.0","11.179954113642838"
"0.0","22938.582580522525","14.73419168074906","0.0","22938.582580522525","1.0","11.179954113642838","0.0","26268.5","1.0","12.80291071182381","0.0","27073.25","1.0","13.195134949802386","0.0","28427.5","1.0","13.855178036826288"
"0.0","28427.5","14.73419168074906","0.0","26326.636363636364","1.0","12.831245587159154","0.0","24515.75","1.0","11.94864412826749","0.0","26204.285714285714","1.0","12.771613539681375","0.0","24990.0","1.0","12.179787147666483"
"0.0","1046.6190476190477","14.73419168074906","2.8176555716353113","1199.0","23.966508683068017","1.8994919147684193","0.0","1199.0","6.178767366719748","1.5536838208071087","3.3939570017431726","919.9361852518787","13.806191117064209","1.6422737050490894","4.5597189695550355","919.9361852518787","10.179132479804125","1.5413587561141247"
"4.5597189695550355","919.9361852518787","14.73419168074906","2.5351562500000004","919.9361852518787","6.161279774021731","1.1576821876294432","3.862520458265139","919.9361852518787","11.464390253336438","1.15790603705393","3.033864688165724","919.9361852518787","12.642499994760957","1.161093285094866","7.3286013873205365","919.9361852518787","4.0923209611423905","1.1559905068239626"
"7.3286013873205365","919.9361852518787","14.73419168074906","27.492939666238765","919.9361852518787","7.828001792059663","1.2404049010517801","44.25","919.9361852518787","11.145144076840982","1.2352891342802939","44.25","919.9361852518787","11.145144076840982","2.6754087779472004","44.25","2093.4014306289523","11.145144076840982","1.8224558067827497"
"44.25","2093.4014306289523","14.73419168074906","25.3589001447178","2199.0","7.2225040293303735","1.8488628745590119","44.24999999999999","2399.0","14.582767517842978","2.0277775894227528","21.495061011040093","2087.875","8.664989975513972","1.7522939748047437","13.679156908665105","1999.0","10.353535521490386","2.661679145380378"
"13.679156908665105","1999.0","14.73419168074906","27.252929687500004","1999.0","18.91993701392387","2.0341883493989803","20.27823240589198","1999.0","12.60972600324698","1.9488746200203328","20.933666348343493","1970.9350144026669","12.495087548374766","1.6616793058062092","9.771468516427383","2093.4014306289523","6.553798050588029","1.764934458242077"
"9.771468516427383","2093.4014306289523","14.73419168074906","0.0","2093.4014306289523","1.0","2.269961467865285","0.0","2093.4014306289523","1.0","2.269961467865285","0.0","2093.4014306289523","1.0","2.269961467865285","0.0","2093.4014306289523","1.0","2.269961467865285"
"0.0","2599.0","14.73419168074906","0.0","2599.0","5.804051898267249","1.6513136415798497","2.9592592592592593","2599.0","32.332647462277095","1.6453532539883515","2.215341959334566","2599.0","15.48759850746912","1.6253908692933083","4.240976645435244","2592.3333333334485","18.604455224463774","1.621221596831425"
"4.240976645435244","2592.3333333334485","14.73419168074906","3.68014329580348","2590.684746625882","14.644907394910328","1.6350715877070545","18.169401544401545","2155.2818904379965","19.576476905051123","1.3510681236074824","10.97785009447827","2155.2818904379965","13.692872722382603","1.3542436980163337","24.673043116210213","2155.2818904379965","27.65500638550755","1.3501177656085084"
"24.673043116210213","2155.2818904379965","14.73419168074906","13.671441425044922","2155.2818904379965","11.777678379855702","1.3491224788618636","14.721770284817989","2155.2818904379965","14.121737824163182","1.3535104092415347","8.858902380280053","919.9361852518787","14.936383508811579","0.5720276155866351","1.9988849952214083","799.0","11.26812091169262","0.30742651862772546"
"1.9988849952214083","799.0","14.73419168074906","35.25","799.0","42.87857590832788","0.3079761019795711","14.796296296296296","919.9361852518787","9.540781218376846","0.35608300062448384","19.938077634011094","919.9361852518787","16.792366705234","0.3543918324332877","5.937367303609341","919.9361852518787","9.994774061389908","0.3548259877115006"
"5.937367303609341","919.9361852518787","14.73419168074906","9.813715455475947","799.0","25.177044905671238","0.30859112895834345","16.823519948519948","919.9361852518787","14.84346532566936","0.35505618755877427","39.52026034012178","799.0","25.45403946228186","0.30807753969095064","33.381175980754996","658.0762500000001","17.90039556595335","0.253968837014286"
"33.381175980754996","658.0762500000001","14.73419168074906","38.28003599012578","799.0","16.150840749248722","0.30883201087932216","45.89728382913843","799.0","19.507112685625486","0.3092202165037997","55.68452924747462","799.0","13.824184295829308","0.31001884207667707","104.94146224912393","798.9399999999999","18.875907991622967","0.3123785847428011"
"0.0","5.0","14.297471322128674","0.0","5.0","0.029086800573867387","1.0029369174603828","0.0","4.999423963133548","0.022328293445649593","1.0053681623465496","0.0","4.998245614035","0.3405065634664448","1.0079633140297197","0.0","4.999358974359","0.056530703160836186","1.0088703736933797"
"0.0","4.999358974359","14.297471322128674","119.23659132078443","5.0","2.7095907346600505","1.007343374860298","496.50508375950216","5.0","16.142382250947414","1.0124464636247428","532.3569757906427","4.999279805442882","18.679176596005707","1.0129312162180624","627.5374777431603","4.999279805442882","22.48096644628131","1.0146564725053293"
"627.5374777431603","4.999279805442882","14.297471322128674","505.31179984752157","4.999279805442882","18.712401618171125","1.014830613915354","618.0813420374319","2155.2818904379965","21.580661538234253","437.8845723700432","592.3923924839489","2155.2818904379965","21.30472306034577","440.5852899548203","489.4092421899498","2099.0","16.711445331134186","429.03924587256984"
"489.4092421899498","2099.0","14.297471322128674","710.6734132516029","2099.0","21.979314928746593","430.713020919062","1663.3651930728447","2099.0","44.723304100849525","429.5312306115797","1697.25","2155.2818904379965","17.150116169366175","442.09008247368826","1697.2500000000002","2155.2818904379965","21.347966495158076","440.90935335977764"
"1697.2500000000002","2155.2818904379965","14.297471322128674","184.7365125620225","1599.0","4.872589799967964","327.9792764109985","475.89543877325866","1599.0","15.170569232983762","328.1113056945253","449.0263230486389","1599.0","13.462960855559594","327.6810125802235","801.6935208783033","1599.0","22.272605931409352","328.26640496614505"
"801.6935208783033","1599.0","14.297471322128674","893.2952662212123","1587.5714285714287","23.60514392877632","326.20944273414443","808.7803994275366","1599.0","22.527207235450682","326.8023572750989","828.0329219386753","1598.9642857142858","24.48477427941889","326.79677159134104","905.2134004621498","1599.0","25.82131061440508","327.07146847628707"
"0.0","999.0","14.297471322128674","0.0","999.0","5.7105061563287185","0.6748088509232052","0.0","999.0","2.628290554963604","0.7615448008341092","2.2495347934180203","917.1590909090909","9.729729866058028","0.933196412674219","0.0","999.0","7.393557123005827","1.0185644257143085"
"0.0","999.0","14.297471322128674","2.246221515019525","999.0","2.2953984964514267","1.0098768698095257","21.522879009933234","999.0","16.39583111934854","1.0100266736047863","6.236881842204605","999.0","5.063301954259559","1.013579403612601","2.3175059615654368","990.675","2.360351294111211","1.005926684756283"
"2.3175059615654368","990.675","14.297471322128674","5.965732649671408","4.999279805442882","9.594816466032556","0.005069472321055376","12.38957630296213","4.999279805442882","8.133268030925066","0.005039491403450019","5.504021511517228","4.999279805442882","11.838490514952284","0.005036950354149473","29.34304654908926","4.999279805442882","18.931871492333112","0.0062241574723689835"
"29.34304654908926","4.999279805442882","14.297471322128674","16.7306329113924","4.999279805442882","8.82143681835582","0.00504140804453023","40.46625224778322","4.999279805442882","22.87680435175637","0.005064101902276906","4.499069586836041","4.999279805442882","2.974554137614218","0.005038792931421063","11.634859154929577","4.999279805442882","8.341885557421735","0.005058915900739066"
"11.634859154929577","4.999279805442882","14.297471322128674","3.369332272529288","4.999279805442882","9.290661988008504","0.005020465341986458","16.142159257449926","4.999279805442882","7.956781206432924","0.0050503127906037755","49.89505473763684","5.0","19.96619893289823","0.005048700542152766","90.38273250105203","4.997044890593548","20.408279775060752","0.005045258934074843"
"90.38273250105203","4.997044890593548","14.297471322128674","82.32711056546545","4.992012779552667","11.249292413865966","0.005038363269877256","68.14266966629171","5.0","33.854482383446346","0.005048353797208818","83.34661146011803","5.0","13.132667935842408","0.005079104819646239","30.707839411837597","5.0","7.600352316307608","0.0054396204846086866"
"0.0","2783.3161496168123","14.297471322128674","0.0","2783.3161496168123","2.7452234381358935","0.8221030718333423","0.0","2783.3161496168123","2.0640477335035676","0.821090580495667","1.9153620352250487","2783.3161496168123","4.015543814181117","0.8218715969054623","1.581179321486268","2783.3161496168123","3.475615225148968","0.8213602644944361"
"1.581179321486268","2783.3161496168123","14.297471322128674","1.8101535047161088","2783.3161496168123","4.613542788165536","0.8288991403426577","7.440334128878282","2783.3161496168123","10.664979224825801","0.8270603715632624","3.6987770375102675","2783.3161496168123","6.884394650580971","0.9368478611151425","2.334802396589469","987.1942599067598","5.60221296811069","0.35570552478729933"
"2.334802396589469","987.1942599067598","14.297471322128674","2.732647183478462","987.1942599067598","13.995087352784896","0.3768001620695327","36.25","987.1942599067598","34.04425625589462","0.3827120390171617","36.25","987.1942599067598","22.065306996232803","0.38371795074857956","36.25","987.1942599067598","24.542744229619906","0.381771224116036"
"36.25","987.1942599067598","14.297471322128674","36.25","987.1942599067598","23.509546886170334","0.3830488554116899","36.25","987.1942599067598","29.947334862854596","0.38112600163250976","10.534491193737768","987.1942599067598","8.352849465607395","0.381415261126118","15.021203554119547","932.4","11.215164081323683","0.3596747062736067"
"15.021203554119547","932.4","14.297471322128674","11.947013131126319","987.1942599067598","8.023411917465477","0.3824662293215253","64.48289578361178","999.0","13.596644009814936","0.38779683008264837","78.9072434668857","999.0","13.99697576217806","0.3871207588041741","130.74893420901026","999.0","17.87228907358436","0.3883336732987442"
"130.74893420901026","999.0","14.297471322128674","129.21517396162443","999.0","12.861983959275543","0.39366880191913783","0.0","999.0","1.0","0.36826114195434156","0.0","998.9499999999999","1.0","0.36824271046575524","0.0","999.0","1.0","0.36826114195434156"
"0.0","142.0","14.297471322128674","0.0","891.2510517095607","0.24673569464657477","0.7683282677649407","3.4617996441571273","891.2510517095607","0.9609185852232369","0.6344727742892049","9.150141463513568","521.3333333333334","4.178233562181001","0.3924431931962759","21.8061377245509","891.0","5.195440925477873","0.7845041894043693"
"21.8061377245509","891.0","14.297471322128674","16.291738979521","1199.0","3.760744022349814","1.1000869710385572","37.166666666666664","994.0","11.115497906236019","0.7569606778164231","37.166666666666664","2783.3161496168123","10.554887554477213","2.313121298460238","55.75","2783.3161496168123","15.628762011105302","2.860337361724681"
"55.75","2783.3161496168123","14.297471322128674","55.75","2783.3161496168123","13.23153999448054","2.648249379473816","55.74999999999999","2783.3161496168123","20.23347695071267","2.8030464285867565","5.8212851405622486","2783.3161496168123","3.4503876013801156","2.5853527095474504","55.75","2783.3161496168123","70.07899368097407","3.4910641312672746"
"55.75","2783.3161496168123","14.297471322128674","55.75","2783.3161496168123","66.86166212252695","3.3778276616173777","3.4617996441571273","2783.3161496168123","4.100878702462557","3.7317898628969504","0.7320113170810855","3144.0","5.260756451861455","4.049832737339947","0.0","3399.0","4.261174510167412","5.000335255129148"
"0.0","3399.0","14.297471322128674","0.0","3399.0","6.97640117491453","5.7629280159227445","0.0","3332.3333333333335","11.930108825426917","5.754361095718587","0.0","2999.0","20.713205413922","3.8240008743487923","0.0","2799.0","8.992260655658772","4.3528916248177545"
"0.0","2799.0","14.297471322128674","0.0","2656.1428571428573","19.381801465345273","5.099159900474846","0.0","2599.0","7.239565721880613","7.640176247525861","5.8212851405622486","2598.983333333333","18.477919159158866","6.868358265096369","0.0","2598.9700000000003","2.336522312233825","7.44095099303547"
"0.0","1049.0","14.297471322128674","0.0","1049.0","0.7623146790634473","0.9155550881989538","4.910925985261134","1048.9375","3.4459217717783934","0.9164580199284089","14.560583815528112","1049.0","7.055734234185663","0.9421072635740906","14.947867718769391","1049.0","6.238831925792855","0.9842041546038912"
"14.947867718769391","1049.0","14.297471322128674","13.90105504783829","998.9444444444445","4.827135629055517","0.955646436750513","14.113766010117317","891.2510517095607","7.920695209178427","0.8537909113745902","27.662003575036913","891.2510517095607","11.506406122723217","0.8534514299086989","29.485309548793282","891.2510517095607","11.089198731621106","0.8534747667849325"
"29.485309548793282","891.2510517095607","14.297471322128674","34.98070425040014","891.2510517095607","19.123191226779603","0.8525322312452227","36.97558695200499","891.2510517095607","17.06344369505451","0.8521270234555663","42.563619353114134","891.2510517095607","18.30688019209724","0.8515639207074547","37.43877180232558","891.2510517095607","14.146331761905717","0.853006609055806"
"37.43877180232558","891.2510517095607","14.297471322128674","37.25531477163626","899.0","16.836517552418076","0.8595899627006475","27.010092918936234","1297.460416666875","14.883250416106845","1.2398612484913472","8.736350289316867","1140.4215686274706","4.584537975852646","1.0932385155659181","9.96524514584626","1370.064814814611","5.524212895244797","1.3082790026996167"
"9.96524514584626","1370.064814814611","14.297471322128674","13.345012845924758","1046.952272727091","8.135818577635073","1.000147568900064","16.130018297276933","1287.061111110722","12.338669569798965","1.231197806022264","8.735369550011656","1148.5083333335","9.037897078200471","1.096694682665673","19.656873032528853","926.3809523809999","22.82377754292416","0.889076772789379"
"19.656873032528853","926.3809523809999","14.297471322128674","16.657478214476257","1012.4538461538461","13.285297044470571","0.9677619295224115","15.568668190317888","726.0","12.84131914169354","0.6954602676281811","12.518711574445334","666.6666666666","12.535912375725555","0.6386692914287752","15.315861191860465","826.4666666666001","12.424583157026435","0.7904669360199843"
"0.0","2763.851997407754","14.297471322128674","0.0","2763.851997407754","2.57231532647618","0.8169680458853369","0.0","2763.851997407754","4.181368791607053","0.8160981488550786","2.2699115044247784","2763.851997407754","6.8609180555297815","0.8151881186035156","0.0","2763.851997407754","4.060580818893564","0.8148304565083604"
"0.0","2763.851997407754","14.297471322128674","1.6808650065530801","1053.5605404020585","7.051200482632864","0.31167818117236834","3.1027522935779817","1053.5605404020585","5.699286000875438","0.3122356920264867","2.838836038052602","1053.5605404020585","5.113729686665686","0.3527969803878699","4.304015837104072","1053.5605404020585","20.146792497688747","0.37913261605768234"
"4.304015837104072","1053.5605404020585","14.297471322128674","2.441289701636189","1053.5605404020585","13.605201337808388","0.40205634658671674","28.5","1053.5605404020585","32.91031157002058","0.4065660073195749","28.5","1053.5605404020585","25.803243759776013","0.40682804369775916","28.5","1149.0","20.96333982431253","0.44329984580589404"
"28.5","1149.0","14.297471322128674","28.5","1114.3846153846155","40.68452173538721","0.4315956781054266","28.5","1069.0","22.170381370195546","0.4134902831190015","4.539823008849557","1049.0","4.888148381915105","0.405285198630933","28.5","1049.0","23.609653642857353","0.40501790424303363"
"28.5","1049.0","14.297471322128674","10.757536041939712","1049.0","8.289393271162789","0.407123207503046","37.23302752293578","1049.0","13.967842830283669","0.4060601851275346","37.85114717403469","1049.0","14.742090992543451","0.4061230901156241","56.66954185520362","1049.0","11.934078911871254","0.4066649228506811"
"56.66954185520362","1049.0","14.297471322128674","61.03224254090472","1049.0","11.443825806056553","0.4133999014243704","0.0","1049.0","1.0","0.3832234537809064","0.0","1049.0","1.0","0.3832234537809064","0.0","1049.0","1.0","0.3832234537809064"
"0.0","22054.357316804842","14.297471322128674","0.0","22054.357316804842","1.242147270476143","0.8149093997572475","0.0","22054.357316804842","1.3105309980034203","0.7839848488183866","7.213740458015268","22054.357316804842","9.144603341085825","0.8453371427201959","8.813471502590673","2763.851997407754","17.325268320826858","0.10989719980969202"
"8.813471502590673","2763.851997407754","14.297471322128674","12.600000000000001","2763.851997407754","10.280371984127132","0.10804675043575362","1.207295314874777","2763.851997407754","5.963520050172727","0.11846466604445748","5.349926793557834","2763.851997407754","14.350934125791492","0.13944394228663728","47.25","2763.851997407754","12.614253393665159","0.13861000700281728"
"47.25","2763.851997407754","14.297471322128674","47.25","2763.851997407754","12.83980694511899","0.13990184181728604","47.25","2763.851997407754","12.931115343542546","0.15040164328786143","47.25","2763.851997407754","14.769502855757493","0.12643309530496988","47.25","3399.0","37.36595346162208","0.14800357518912657"
"47.25","3399.0","14.297471322128674","47.25","2763.851997407754","33.44898095569653","0.12030145642311431","47.25","3399.0","30.69048954813924","0.1483053633945745","20.19847328244275","3399.0","13.77672594173074","0.15994515208272725","14.199481865284975","2999.0","6.342409396017766","0.15816450886647215"
"14.199481865284975","2999.0","14.297471322128674","0.0","2799.0","5.152631737278881","0.10919184715178573","18.592347849071565","2599.0","9.438269848773961","0.11241712512126195","16.0497803806735","2598.9500000000003","8.737748637076233","0.14282067075570615","0.0","2599.0","1.0","0.11753114462724851"
"0.0","2599.0","14.297471322128674","0.0","2599.0","1.0","0.11753114462724851","0.0","2599.0","1.0","0.11753114462724851","0.0","2599.0","1.0","0.11753114462724851","0.0","2599.0","1.0","0.11753114462724851"
"0.0","0.0","14.297471322128674","0.0","0.0","0.1223812487035885","0.0","0.0","0.0","0.0941890166028097","0.0","0.0","22054.357316804842","1.0","10.748994709774465","0.0","22054.357316804842","1.0","10.748994709774465"
"0.0","22054.357316804842","14.297471322128674","0.0","22054.357316804842","1.0","10.748994709774465","0.0","22054.357316804842","1.0","10.748994709774465","0.0","22054.357316804842","1.0","10.748994709774465","0.0","22054.357316804842","1.0","10.748994709774465"
"0.0","22054.357316804842","14.297471322128674","0.0","22054.357316804842","1.0","10.748994709774465","0.0","22054.357316804842","1.0","10.748994709774465","0.0","25840.444444444445","1.0","12.594282238272678","0.0","25209.846153846152","1.0","12.286937182043404"
"0.0","25209.846153846152","14.297471322128674","0.0","25490.0","1.0","12.423480367907908","0.0","24990.0","1.0","12.179787147666483","0.0","19990.333333333332","1.0","9.743017407399048","0.0","20240.25","1.0","9.864823401983054"
"0.0","20240.25","14.297471322128674","0.0","19990.222222222223","1.0","9.742963253350105","0.0","18520.29411764706","1.0","9.026540226695511","0.0","22145.777777777777","1.0","10.793551802835365","0.0","22990.0","1.0","11.205014266700777"
"0.0","22990.0","14.297471322128674","0.0","22990.0","1.0","11.205014266700777","0.0","22990.0","1.0","11.205014266700777","0.0","21923.333333330003","1.0","10.685135396850779","0.0","18990.0","1.0","9.255468504769368"
"0.0","894.4610146090074","14.297471322128674","0.0","894.4610146090074","6.048755993622811","1.4170320811721155","0.0","0.0","6.178767366719748","0.0","0.0","0.0","3.296486073410004","0.0","7.976261127596439","0.0","20.449843464142752","0.0"
"7.976261127596439","0.0","14.297471322128674","6.068441064638783","0.0","17.260500402631205","0.0","4.087257900101937","0.0","12.270160687352504","0.0","1.4482828370392844","0.0","5.427375189814369","0.0","41.251028806584365","0.0","33.92740925885972","0.0"
"41.251028806584365","0.0","14.297471322128674","56.0","0.0","18.48821290929716","0.0","56.0","0.0","14.84943820224719","0.0","56.0","0.0","14.84943820224719","0.0","56.0","0.0","14.84943820224719","0.0"
"56.0","0.0","14.297471322128674","56.0","0.0","18.7181124552116","0.0","56.00000000000001","0.0","19.751338387612208","0.0","56.0","0.0","29.53820503920064","0.0","13.459940652818991","0.0","10.159044715262254","0.0"
"13.459940652818991","0.0","14.297471322128674","23.634980988593156","0.0","15.738233468704095","0.0","26.56717635066259","0.0","17.69316889112825","0.0","28.67600017337783","0.0","18.57102685812712","0.0","11.786008230452676","0.0","8.090240828384534","0.0"
"11.786008230452676","0.0","14.297471322128674","0.0","0.0","1.0","0.0","0.0","0.0","1.0","0.0","0.0","0.0","1.0","0.0","0.0","0.0","1.0","0.0"
"0.0","2226.7939408818684","14.297471322128674","0.0","894.4610146090074","5.804051898267249","0.5683092248115457","0.0","894.4610146090074","7.058041648205583","0.566257922644345","0.0","894.4610146090074","5.537469501469362","0.5593877514753017","1.6046511627906976","894.4610146090074","5.885639334405572","0.5593877514753017"
"1.6046511627906976","894.4610146090074","14.297471322128674","2.6425531914893616","894.4610146090074","9.828077091393164","0.5645255730955256","6.7215727948990445","894.4610146090074","5.989878182114079","0.5607052005629991","5.622222222222222","894.4610146090074","6.299455472421371","0.5620230919814299","11.871741397288842","894.4610146090074","10.703517089573088","0.5603107936022319"
"11.871741397288842","894.4610146090074","14.297471322128674","9.184414327202324","894.4610146090074","7.425686120902799","0.5598977408144827","10.270635994587279","673.1708888888888","9.18716643422399","0.42274925120088347","3.7191297530380245","799.0","5.467509679991664","0.496828010660958","2.035398230088495","799.0","11.514122604744777","0.30742651862772546"
"2.035398230088495","799.0","14.297471322128674","17.25","799.0","15.303764889782565","0.3079761019795711","17.25","799.0","11.429447852760738","0.30927179739218935","17.25","771.3194444444445","13.991510743058836","0.29713942737587723","8.023255813953488","713.6985714285713","14.36075608753735","0.27527866018890534"
"8.023255813953488","713.6985714285713","14.297471322128674","2.0553191489361704","0.5","3.942782532727355","1.9311084415415736E-4","22.85334750265675","1065.7444444444445","22.161998533348342","0.41133196565453356","28.11111111111111","1199.0","16.100404032611106","0.4623090989855442","25.72210636079249","1198.957142857143","12.895589531682033","0.46270892043497963"
"25.72210636079249","1198.957142857143","14.297471322128674","38.57454017424976","1199.0","16.3094438580207","0.4634412779027625","33.379566982408654","765.2480555555555","13.013408693605513","0.2961579091589495","64.71285770286163","959.5441552795218","16.699966477536634","0.3723113491128918","72.7654867256637","1065.6545454545555","11.919192627721612","0.41666165010367123"
"247.74503386522457","2226.7939408818684","12.874695123118842","281.39991255944506","2226.7939408818684","9.503425859303523","446.6667701775038","465.5161645323517","2226.7939408818684","12.616940301438186","447.8011364464535","173.27125621123056","2226.7939408818684","173.27125621123056","449.0628859874334","116.64324905695669","2226.7939408818684","7.423596740851257","449.36689819592095"
"116.64324905695669","2226.7939408818684","12.874695123118842","557.6179124497012","2226.7939408818684","15.245794232921655","448.6292247052809","432.0677556590173","2226.7939408818684","13.565700211649721","450.90193013337046","406.4432266792105","2226.7939408818684","13.26764932997927","451.1828068412471","456.0818593474713","2226.7939408818684","14.798149415826401","451.95127558003855"
"456.0818593474713","2226.7939408818684","12.874695123118842","390.66044609322466","1599.0","13.495548539741474","324.58958386044895","404.19330556929674","1599.0","12.527011898133328","324.86582582355805","382.8370752033051","1599.0","12.208800314530798","326.8694836454038","437.3304103901373","1599.0","14.496229097260473","326.8383773941111"
"437.3304103901373","1599.0","12.874695123118842","401.6095839440623","1599.0","10.68903513868652","328.11344471156747","645.9036782886379","1599.0","11.865056957548914","327.21316710238966","1192.6463089863923","1599.0","11.092635332260922","327.98588667757554","1296.0361006328521","1799.0","15.017052144313173","368.02421539998494"
"1296.0361006328521","1799.0","12.874695123118842","490.91720521887567","2599.0","15.00178920144735","533.0945211958631","443.76106433720446","2599.0","13.90477203781416","533.3091203877868","463.57380071042485","2599.0","14.002649263849364","532.609725888681","464.7279609464755","2599.0","11.142984243496617","533.5612173277117"
"464.7279609464755","2599.0","12.874695123118842","549.748675948056","2599.0","12.589836518064052","534.0347693388184","525.5332837118036","2599.0","12.911356714872637","531.1815675784753","488.7281811106023","2599.0","12.351225194453253","531.1843528678178","478.8730227760743","2599.0","11.325442336192935","531.6189784677111"
"0.933537319108518","5.0","12.874695123118842","1.0975049400676407","5.0","7.012181728202378","0.0033774216762923184","2.826530383944844","5.0","8.499101434397437","0.0038115355397102565","6.011989958217811","5.0","35.907106595181766","0.005087429334365709","0.0","5.0","7.393557123005827","0.005097920048620162"
"0.0","5.0","12.874695123118842","9.874739955987927","5.0","11.627204842668531","0.005054438787835464","9.424801156905279","4.982222222222333","6.209692387439311","0.005037214552823893","13.957702309928102","5.0","12.678214736923028","0.005072969988051055","6.8806766943280975","5.0","7.607109867114549","0.005076976227099115"
"6.8806766943280975","5.0","12.874695123118842","5.231068060120153","5.0","8.24805795805886","0.005070202627522541","18.583175708932636","5.0","13.102018090101707","0.00504021739087634","6.487532638193039","5.0","14.472820566867506","0.005037675975513091","16.803671743953323","5.0","9.534213218452361","0.006225054122388325"
"16.803671743953323","5.0","12.874695123118842","21.950098801352812","5.0","12.139717717871633","0.005042134308067216","22.61224307155875","5.0","10.915945843284563","0.005064831435083359","8.416785941504935","5.0","5.820266204008303","0.0050395188182257395","11.885562310030394","5.0","8.547674144191467","0.005059644686451893"
"11.885562310030394","5.0","12.874695123118842","3.2915799853293093","5.0","9.0434041811366","0.005021188588524802","18.849602313810557","5.0","9.506361226895033","0.0050510403369554676","11.963744837081231","5.0","3.807830340065095","0.005048700542152766","18.92186090940227","5.0","3.354981623009798","0.005048242555887434"
"18.92186090940227","5.0","12.874695123118842","38.361165774214456","5.0","4.757318384993433","0.005046424651109108","9.291587854466318","5.0","3.086612144741141","0.005048353797208818","31.356407751266353","5.0","4.338365897428901","0.005079104819646239","20.537821020387398","5.0","4.875225984890732","0.0054396204846086866"
"7.807597027250207","1499.0","12.874695123118842","9.042078418871533","1499.0","42.85070903027424","0.4427569267859992","7.897447795823667","1499.0","22.523602305598686","0.4422116331744976","11.087296416938111","1499.0","34.482882102973456","0.44263226221387003","10.694601542416454","1499.0","35.59287339325482","0.4423568758607122"
"10.694601542416454","1499.0","12.874695123118842","8.5095","1499.0","30.520975772480853","0.4464170595728787","14.945980707395499","949.05","26.201375058482864","0.2820095179414587","13.58906075586031","1093.6768595041308","36.76317651346311","0.3681252044323575","3.621046843807736","999.0","9.16805316482131","0.35995936533917317"
"3.621046843807736","999.0","12.874695123118842","3.471047212317588","999.0","18.994213883530495","0.38130627090864183","20.517179023508138","998.925","15.40966817785088","0.3872597715583622","30.664864864864864","948.875","17.64870312957107","0.3688234274690248","26.545829892650705","999.0","16.17176529900827","0.3863367813017289"
"26.545829892650705","999.0","12.874695123118842","23.50940388906599","999.0","13.373808108499754","0.38762969163984085","26.324825986078892","999.0","19.094202924357763","0.38568384267837874","18.478827361563518","784.7142857142857","16.403234816718978","0.303184506181568","19.444730077120823","999.0","15.378738511726665","0.3853657567217215"
"19.444730077120823","999.0","12.874695123118842","24.819374999999997","980.8363636363637","19.529845027102432","0.38000300530198383","43.17727759914255","999.0","8.460041862356757","0.38779683008264837","46.94402806569925","999.0","7.5971058737738355","0.3871207588041741","102.11352099537815","999.0","13.089662651117836","0.3883336732987442"
"102.11352099537815","999.0","12.874695123118842","106.83111975688576","999.0","10.24692388592158","0.39366880191913783","0.0","999.0","1.0","0.36826114195434156","0.0","998.9833333333333","1.0","0.3682549981248128","0.0","999.0","1.0","0.36826114195434156"
"9.5006064143132","3398.95","12.874695123118842","46.98118236918097","3399.0","14.426324731077946","2.930204432436485","27.614906832298136","3398.8","8.647982863264527","2.4195719725858886","24.101444603979253","3399.0","12.44560517754653","2.5586593612675355","48.56235014580408","3399.0","12.97184702287551","2.9927382040240755"
"48.56235014580408","3399.0","12.874695123118842","42.393545651794405","3399.0","10.899068326553955","3.118595174779029","37.0","3399.0","11.056311861710865","2.5884399838008267","37.0","3399.0","10.499133542189353","2.8247956289653895","38.202166064981945","3399.0","9.88525102970844","3.4930587004428824"
"38.202166064981945","3399.0","12.874695123118842","46.12328767123287","2999.0","10.538655091028831","2.8534666786363405","35.72764786795048","2799.0","11.544798451128443","2.8188414581270176","4.4813664596273295","2649.0","2.620912097979843","2.4605897998810033","2.0001276661712","2599.0","1.1720329350474645","3.259879650543038"
"2.0001276661712","2599.0","12.874695123118842","1.740043791451147","2599.0","0.9947460696726755","3.154141901469653","0.0","2599.0","1.107622066701126","3.4846640957422155","0.8033814867993085","2598.988888888889","5.824307163716919","3.347795892558841","7.106685387190841","2599.0","62.21666552565465","3.8234396375641824"
"7.106685387190841","2599.0","12.874695123118842","1.3675337307030453","2598.95","11.38076529396705","4.406461243595886","0.0","2612.3333333333335","11.930108825426917","4.511046104546021","0.0","2598.9666666666667","20.713205413922","3.3139215757708236","0.0","2598.9947916666665","8.992260655658772","4.041851611858092"
"0.0","2598.9947916666665","12.874695123118842","0.0","2599.0","19.381801465345273","4.989459262590161","0.0","2597.3333333333335","7.239565721880613","7.635276814251829","0.0","2572.3503214233333","2.41717588873482","6.797974948231521","4.0002553323424","2961.8718205889318","11.106095812424652","8.479952852343423"
"8.886121438822904","1193.2361111110833","12.874695123118842","9.813569094753026","1389.46969697","8.567341692937175","1.212713108635979","13.856173677069199","1572.9166666666472","10.880156189198727","1.3742592803152796","17.55393210141813","1224.8148148144444","8.720640241997058","1.1000066096947976","28.226114203467116","1416.9607843135293","13.00212261739431","1.3294363115654564"
"28.226114203467116","1416.9607843135293","12.874695123118842","40.366780255087136","1329.2982456136842","16.603634650866724","1.2716814622317814","17.98611111111111","818.3792929293181","10.479879052649256","0.7839820228205626","26.062893081761008","1374.5385714284998","10.720370527340991","1.316241823221547","28.696482202860622","780.9142857145","10.73852986552126","0.7478147000228168"
"28.696482202860622","780.9142857145","12.874695123118842","26.124946255052027","982.8464912280527","13.198903418295956","0.940148469425028","19.235088348730827","1573.0505952380624","7.794952112279163","1.5039970150879967","22.557273587882612","1149.416666667125","8.467135723481059","1.0982335014539994","27.466193538179883","799.0","9.75513567250891","0.7647141389940173"
"27.466193538179883","799.0","12.874695123118842","20.608495098981358","720.6666666666666","8.26018957946474","0.6890743416235817","19.398643147896877","1540.0","9.979723810749","1.4716335836909873","23.0395358831113","1013.5625032634701","13.852659220880314","0.9716280338634949","10.92623775618082","499.0","6.112124896213068","0.4764965973054683"
"10.92623775618082","499.0","12.874695123118842","17.399474247882385","143.25","11.071471130017521","0.1368459126333839","14.38888888888889","99.0","10.763806914534483","0.09470302672032052","9.773584905660378","1013.5625032634701","10.299585690812219","0.9678367806457898","10.628326741800231","1013.5625032634701","10.47877790553668","0.9727476337954687"
"10.628326741800231","1013.5625032634701","12.874695123118842","13.830853899733425","1013.5625032634701","10.62492229259336","0.9688216480939437","15.571261996591621","1013.5625032634701","12.843924297774642","0.9709262393629506","15.03818239192174","1013.5625032634701","15.731550762700657","0.9709968686671813","15.348755212512287","1013.5625032634701","12.456901533467398","0.969413139976791"
"4.026102610261026","1149.0","12.874695123118842","7.369028006589786","1149.0","27.92821343734679","0.3396333398469474","5.207217694994179","1149.0","34.50814796716339","0.3392717026504896","7.075292628914901","1121.7272727272727","28.369316355898185","0.330849389149072","6.102319236016371","1058.6644444444667","42.721047776791984","0.31211223805215554"
"6.102319236016371","1058.6644444444667","12.874695123118842","6.619534508273913","1049.0","42.79676449269134","0.31032902193265893","11.219753086419754","1049.0","27.57818071105133","0.310884119493305","7.442758620689656","1049.0","15.599753804106133","0.35126983047945637","3.364684357056101","1049.0","14.65750564750029","0.37749146726085164"
"3.364684357056101","1049.0","12.874695123118842","4.2216304727707525","1039.15625","28.283224227868946","0.39655942813529516","15.762333594361786","1041.9933333333333","14.569356387983566","0.4021022551065548","18.306957708049115","1049.0","14.332815820072584","0.40506700989018507","24.156615661566153","1049.0","16.855810102802778","0.4047184841169563"
"24.156615661566153","1049.0","12.874695123118842","14.738056013179571","1049.0","15.783467785612864","0.4062725382980398","20.828870779976715","1049.0","14.714663306847592","0.40575426285484806","15.565643783612781","1049.0","20.98184425771877","0.405285198630933","18.306957708049115","1049.0","13.266903841127927","0.40501790424303363"
"18.306957708049115","1049.0","12.874695123118842","16.849724202879052","1049.0","14.106211747280309","0.407123207503046","26.646913580246913","1049.0","9.366060265924677","0.4060601851275346","34.73287356321839","1049.0","13.254756362806772","0.4061230901156241","57.19963406995372","1049.0","12.068546014829577","0.4066649228506811"
"57.19963406995372","1049.0","12.874695123118842","63.32445709156129","1049.0","11.960757795843108","0.4133999014243704","0.0","1049.0","1.0","0.3832234537809064","0.0","1049.0","1.0","0.3832234537809064","0.0","1049.0","1.0","0.3832234537809064"
"9.76905311778291","3399.0","12.874695123118842","8.766839378238341","3399.0","13.354576992923644","0.125593188229716","10.777070063694268","3399.0","18.568756534099553","0.12082712104710552","12.10143042912874","3399.0","17.140593602889794","0.13028268776241173","8.376237623762377","3399.0","16.22934034718969","0.13515216534875632"
"8.376237623762377","3399.0","12.874695123118842","18.0","3399.0","15.871460075436133","0.1328764727907193","0.8834586466165414","2999.0","4.248714491814742","0.12854361731400402","4.173497267759563","2799.0","10.626821507769709","0.14121725578155692","47.0","2627.5714285714284","12.533333333333333","0.13177539696636525"
"47.0","2627.5714285714284","12.874695123118842","43.117750439367306","2599.0","11.498066783831282","0.1315572929462776","47.0","2598.957142857143","12.847797958323406","0.14142849381481243","39.13879003558719","2599.0","11.730008062307288","0.11889189978544934","21.4919168591224","2599.0","12.634145338090253","0.11316895908106502"
"21.4919168591224","2599.0","12.874695123118842","24.108808290155437","2599.0","13.357992784405065","0.11312598704160877","18.85987261146497","2599.0","9.333089244608832","0.11339971740585442","15.40182054616385","2599.0","9.9531655832803","0.12229992652633366","25.128712871287128","2599.0","12.236575967152048","0.13706887580658922"
"25.128712871287128","2599.0","12.874695123118842","0.0","2599.0","5.152631737278881","0.10138964299660276","16.196741854636592","2599.0","8.05610495891612","0.11241712512126195","14.446721311475411","2595.2950617285182","7.750374665558799","0.1426198201292979","0.0","2584.881840796667","1.0","0.11689269775876161"
"0.0","2584.881840796667","12.874695123118842","0.0","2960.950210536683","1.0","0.13389914098832967","0.0","2960.950210536683","1.0","0.13389914098832967","0.0","2960.950210536683","1.0","0.13389914098832967","0.0","2960.950210536683","1.0","0.13389914098832967"
"66.30000000000001","28240.0","12.874695123118842","66.3","25962.555555555555","9.40764790764791","13.113648134194163","66.3","26035.81818181818","6.983931440814142","13.301995856876985","0.0","26061.428571428572","1.0","12.701986905326683","0.0","24990.0","1.0","12.179787147666483"
"0.0","24990.0","12.874695123118842","0.0","20156.944444444445","1.0","9.824221403788385","0.0","20347.35714285714","1.0","9.917025971090485","0.0","20040.245000000003","1.0","9.767343676954283","0.0","18355.647058823528","1.0","8.94629348275954"
"0.0","18355.647058823528","12.874695123118842","0.0","22104.5","1.0","10.773433573653213","0.0","22990.0","1.0","11.205014266700777","0.0","22990.0","1.0","11.205014266700777","0.0","22990.0","1.0","11.205014266700777"
"0.0","22990.0","12.874695123118842","0.0","21471.48148147778","1.0","10.464908931150937","0.0","18990.0","1.0","9.255468504769368","0.0","23251.298344632138","1.0","11.332367536795097","0.0","23911.56862745294","1.0","11.654174319695734"
"0.0","23911.56862745294","12.874695123118842","0.0","18310.121951200003","1.0","8.92410516260231","0.0","23251.298344632138","1.0","11.332367536795097","0.0","23251.298344632138","1.0","11.332367536795097","0.0","23251.298344632138","1.0","11.332367536795097"
"0.0","23251.298344632138","12.874695123118842","0.0","23251.298344632138","1.0","11.332367536795097","0.0","23251.298344632138","1.0","11.332367536795097","0.0","23251.298344632138","1.0","11.332367536795097","0.0","23251.298344632138","1.0","11.332367536795097"
"0.0","2094.4122475912604","12.874695123118842","0.0","2094.4122475912604","6.048755993622811","3.318030967882862","0.0","2094.4122475912604","6.178767366719748","2.713973664039027","4.009546539379475","2094.4122475912604","17.033276602597088","3.7389530022782265","4.158415841584159","2094.4122475912604","9.144410998117838","3.509200647274855"
"4.158415841584159","2094.4122475912604","12.874695123118842","5.029940119760479","2094.4122475912604","13.624576852060041","2.635686900309804","4.574364243514","2094.4122475912604","14.081489828061553","2.6361965367213043","3.267642849278873","2094.4122475912604","13.845290978546249","2.6434529219359155","19.455207574654043","2094.4122475912604","12.272394327182498","2.6318354625092093"
"19.455207574654043","2094.4122475912604","12.874695123118842","28.965517241379313","2094.4122475912604","8.306314277484832","2.8240211205777968","56.0","2094.4122475912604","14.84943820224719","2.812374090323097","56.0","2094.4122475912604","14.84943820224719","6.091084361804476","56.0","2094.4122475912604","14.84943820224719","1.8233357953103202"
"56.0","2094.4122475912604","12.874695123118842","56.00000000000001","2094.4122475912604","18.7181124552116","1.7609281712565614","56.00000000000001","2094.4122475912604","19.751338387612208","1.7703218919041666","26.062052505966587","2094.4122475912604","10.84440114154177","1.7577805003706768","24.95049504950495","2094.4122475912604","22.076826832081743","2.7887210611520272"
"24.95049504950495","2094.4122475912604","12.874695123118842","18.44311377245509","2094.4122475912604","11.601241935753066","2.1312801365125935","23.253018237862833","2094.4122475912604","14.927578129182768","2.041894383787068","24.180557084663658","2094.4122475912604","14.923325044302157","1.7657819584194805","25.94027676620539","2094.4122475912604","21.316422528415192","1.76578667208967"
"25.94027676620539","2094.4122475912604","12.874695123118842","0.0","2094.4122475912604","1.0","2.271057538366591","0.0","2094.4122475912604","1.0","2.271057538366591","0.0","2094.4122475912604","1.0","2.271057538366591","0.0","2094.4122475912604","1.0","2.271057538366591"
"0.0","613.22","12.874695123118842","4.655172413793104","799.0","49.845408535024326","0.5076566370228165","5.3999999999999995","799.0","107.66207759699624","0.5058242593061535","6.639344262295081","799.0","97.55615223873158","0.4996873045653533","6.8181818181818175","798.975","37.00034785407182","0.49967166979362104"
"6.8181818181818175","798.975","12.874695123118842","6.230769230769231","699.3433333333332","29.946878250864422","0.44137999263513067","16.194690265486727","710.6919907407778","16.84150754276568","0.4455070581036054","12.94811320754717","0.5","16.852375007002504","3.141685790671967E-4","10.242537313432836","1199.0","9.010309111282965","0.751080964465224"
"10.242537313432836","1199.0","12.874695123118842","19.7719087635054","1199.0","18.69870045150986","0.7505272787434065","16.70022452379228","1164.7","16.551970762887812","0.7314280237019263","10.270480941616649","1199.0","18.044223602951135","0.7455529221307743","3.2055274425846636","739.5444736841579","20.425000517610165","0.2845501663518075"
"3.2055274425846636","739.5444736841579","12.874695123118842","16.293103448275865","1027.02674358975","14.249794107175797","0.39586945321594946","13.499999999999998","1049.4378787879132","8.583316703252843","0.40620968588759004","8.852459016393443","1199.0","6.437114326557323","0.46189704666435094","8.181818181818182","1199.0","14.715351176353172","0.46246290349977337"
"8.181818181818182","1199.0","12.874695123118842","10.384615384615385","843.9920747439966","27.31988681955069","0.3259680440264637","17.09439528023599","843.9920747439966","15.143803641650857","0.32574499535136264","25.89622641509434","843.9920747439966","14.519660668087855","0.32542553430011434","29.0205223880597","843.9920747439966","14.968766955685219","0.32571861645517086"
"29.0205223880597","843.9920747439966","12.874695123118842","37.896158463385355","843.9920747439966","15.945106424945699","0.326222490124405","28.03251973636561","843.9920747439966","10.555838281390663","0.3266325557945303","57.12955023774261","843.9920747439966","14.269688133435755","0.3274761523579801","82.80945893343714","843.9920747439966","13.953521442118983","0.32999355376207234"
"268.40465021368817","1599.0","11.826791160057315","556.625426772527","1599.0","22.313637407676467","320.7392262038304","563.925273599608","1599.0","16.0077932747335","321.5537836852165","0.0","1599.0","0.3405065634664448","322.45981162026106","612.7517400606355","1599.0","83.8940097617927","322.6781144961792"
"612.7517400606355","1599.0","11.826791160057315","501.88878782125147","1599.0","13.376653314436327","322.14841128032333","324.14423450836074","1599.0","9.624455812371142","323.78037906719277","329.34841110327574","2599.0","10.311198472398981","526.5974967203349","300.32435337990967","2599.0","8.9755821061079","527.4944141294634"
"300.32435337990967","2599.0","11.826791160057315","288.75973284256344","2599.0","9.413677779912597","527.5849458744883","278.99976995534024","2599.0","8.113367904365944","528.0339470390415","292.5709809898883","2599.0","8.896141308589486","531.2906741678577","211.4960693139505","2599.0","6.221156156481969","531.2401143510286"
"211.4960693139505","2599.0","11.826791160057315","410.6516116823254","2598.9545454545455","10.974457371510663","533.3032698923558","453.5272041647641","2599.0","7.860350677895705","531.8492941207697","1094.25","2599.0","10.022010119898747","533.1052654628011","402.93791467022334","2599.0","3.9721189646766017","531.6814540436692"
"402.93791467022334","2599.0","11.826791160057315","528.0145055434537","2599.0","16.451539494657183","533.0945211958631","268.94063125147835","2599.0","7.711037942191453","533.3091203877868","265.48782594381703","2587.6150783852945","7.280912207753211","530.2766285510618","280.40111617780263","2135.6136897718457","6.254756159052579","438.43041171850405"
"280.40111617780263","2135.6136897718457","11.826791160057315","316.5829362674979","2135.6136897718457","6.648383576417806","438.819532210131","311.480340188947","2135.6136897718457","7.026210984067119","436.4750394286498","281.701470860233","2135.6136897718457","6.53931462678655","436.4773281173953","384.76995742658465","2135.6136897718457","8.769104164590802","436.8344625464286"
"1.2132007056056449","5.0","11.826791160057315","0.0","5.0","5.7105061563287185","0.0033774216762923184","2.5743027215305037","5.0","7.642436628724382","0.0038115355397102565","0.0","5.0","3.7129187248375013","0.005087429334365709","6.029012227575531","5.0","182.3313163718653","0.005097920048620162"
"6.029012227575531","5.0","11.826791160057315","7.626697213705738","5.0","8.594610779839792","0.005054438787835464","10.328238133547867","5.0","6.874291408664483","0.005055188556580512","13.445747800586512","5.0","12.117681815725843","0.005072969988051055","7.6685895698633315","5.0","8.605258462797606","0.005076976227099115"
"7.6685895698633315","5.0","11.826791160057315","10.256553652569032","5.0","18.680871436387395","0.005070202627522541","14.70322165586183","5.0","9.907120551748065","0.00504021739087634","7.237291386917322","5.0","16.616499405084618","0.005037675975513091","11.727606820854568","5.0","6.344407363107118","0.006225054122388325"
"11.727606820854568","5.0","11.826791160057315","18.71673426664922","5.0","10.04695823373438","0.005042134308067216","20.59442177224403","5.0","9.780378283278202","0.005064831435083359","17.628965075296378","5.0","13.666093466733274","0.0050395188182257395","7.751587149739968","5.0","5.307234698135574","0.005059644686451893"
"7.751587149739968","5.0","11.826791160057315","5.720022910279303","4.998207885304516","17.71915857131051","0.005019388879353143","29.509251810136764","5.0","16.37429845116255","0.0050510403369554676","21.51319648093842","5.0","7.219133892318192","0.005048700542152766","34.508653064384994","5.0","6.419322501031778","0.005048242555887434"
"34.508653064384994","5.0","11.826791160057315","57.69311429570081","4.9999402628434835","7.4577920593427525","0.005046364359297262","8.168456475478793","4.9999402628434835","2.6964627497578735","0.005048293482348631","44.328409744868594","4.9999402628434835","6.325549245636197","0.0050790441373903235","44.48402587220698","2135.6136897718457","11.685340642206988","2.3233855948187347"
"0.0","998.925","11.826791160057315","3.3644222020018195","999.0","10.95029224786348","0.29507282845844773","2.993927125506073","999.0","6.902578549551646","0.2947094206413096","2.4815436241610738","999.0","5.30935645158396","0.29498974646541437","1.7733812949640286","999.0","3.926211901828126","0.29480621680110175"
"1.7733812949640286","999.0","11.826791160057315","2.2660878447395305","799.0","5.891622894452404","0.23795012047947303","4.774779735682819","998.9545454545455","6.427904500462922","0.29683861736374834","0.0","999.0","1.6667753050790648","0.33625752984722096","8.577599472411519","999.0","27.58476930703532","0.35995936533917317"
"8.577599472411519","999.0","11.826791160057315","1.942486822289157","998.96875","9.309779198350117","0.3812943431599273","12.713467048710601","998.9375","8.685754439616097","0.38726461751491","13.515665796344647","999.0","6.663944025194696","0.38830678860920115","21.749999999999996","999.0","12.624960582019193","0.3863367813017289"
"21.749999999999996","999.0","11.826791160057315","7.401728844404003","999.0","3.6445909692672895","0.38762969163984085","8.981781376518217","999.0","5.369850682067724","0.38568384267837874","11.166946308724832","999.0","8.93022964437021","0.3859765613922638","14.187050359712229","999.0","10.481722910226834","0.3853657567217215"
"14.187050359712229","999.0","11.826791160057315","12.085801838610829","922.9545454545714","8.129462984071035","0.35757799571131305","66.84691629955947","999.0","14.215212439584048","0.38779683008264837","99.66666666666667","999.0","18.856282000771113","0.3871207588041741","90.54132776434382","999.0","11.321600154405447","0.3883336732987442"
"90.54132776434382","999.0","11.826791160057315","119.87918674698797","998.9666666666667","11.747651676145239","0.3936556664903117","0.0","986.46875","1.0","0.3636417501273993","0.0","4.9999402628434835","1.0","0.0018431268377359679","0.0","5.0","1.0","0.0018431488586303382"
"75.10614474856663","2799.0","11.826791160057315","58.327410892485744","2632.3333333333335","19.03437527421037","2.269277670192304","38.077378668347166","2599.0","12.625588589182154","1.850202293971615","26.051829710368647","2599.0","13.686383991597374","1.9564447425520226","44.573813406284174","2599.0","11.695249668257754","2.288357338116673"
"44.573813406284174","2599.0","11.826791160057315","59.30956476862205","2599.0","16.461452078082566","2.384592191600676","56.666666666666664","2599.0","18.806320354019128","1.9792160982342892","56.666666666666664","2599.0","17.759575266164045","2.159942288814665","46.302626747372294","2627.5714285714284","12.42267799671476","2.7002828007080204"
"46.302626747372294","2627.5714285714284","11.826791160057315","48.70548290817421","2599.0","11.241069014200859","2.4728775917892127","56.955504708982815","2598.9982456142106","20.825425264388322","2.6174219379552417","36.03054416201069","2599.0","30.661210088110508","2.4141460512988777","8.941207708162695","2592.6548076923073","5.627293495325429","3.2519209882565314"
"8.941207708162695","2592.6548076923073","11.826791160057315","9.958338445058542","2579.406281836154","6.185529995035183","3.1303629990201824","15.967932989952038","2922.3027868281492","25.258039578126343","3.9181391297219963","0.41352110651378804","2922.3027868281492","2.8608710270017","3.7642612896044523","1.0612812715781945","2922.3027868281492","4.897710448188312","4.299056678769919"
"1.0612812715781945","2922.3027868281492","11.826791160057315","0.0","2922.3027868281492","6.97640117491453","4.954698617599604","0.0","2922.3027868281492","11.930108825426917","5.046309532790009","0.0","2922.3027868281492","20.713205413922","3.7262048722716754","3.387997079076021","2922.3027868281492","62.993756483281594","4.544647133249673"
"3.387997079076021","2922.3027868281492","11.826791160057315","3.044092681760888","2922.3027868281492","3.044092681760888","5.610123396626683","0.0","1066.027174975563","7.239565721880613","3.1337574072587113","4.6996361950448735","1499.0","14.068615494663963","3.961421724922998","5.364724624897617","1066.027174975563","15.91627947327202","3.0520767712737014"
"18.50324554664338","604.7254901960589","11.826791160057315","23.16862745582969","1016.5333333333333","25.207796186627053","0.8872185563938765","17.024639861919407","1445.4071428571428","13.956633098892857","1.262854048151807","23.5953274971226","754.75","12.350203951430622","0.6778412365896519","25.10883959908818","643.0","11.291366125071463","0.6032824322309839"
"25.10883959908818","643.0","11.826791160057315","37.5240090325874","610.8888888888333","15.134408056144533","0.5844106678442625","19.36613055818354","261.0","11.439878070914954","0.2500299185524962","34.63525689524727","299.0","15.151947728178108","0.2863188515213772","44.91431429864153","913.9218111605826","18.734491836488917","0.8751846106029947"
"44.91431429864153","913.9218111605826","11.826791160057315","22.999542616235136","913.9218111605826","11.31700190024353","0.8742180997799416","38.46021729719144","913.9218111605826","17.9570918772645","0.8738025847168078","42.1558032093748","449.0","18.077731640840774","0.42900617021908144","28.911321166630284","393.5","10.358512743323786","0.37661453528679073"
"28.911321166630284","393.5","11.826791160057315","23.16862745582969","913.9218111605826","9.450696750335293","0.8738576368930294","27.03913389834259","629.6666666666666","14.903294894499451","0.601713385193133","35.77356104402459","299.0","24.71652263851295","0.28662937035434777","30.13060751890582","395.0","20.607261216387073","0.37718668524180354"
"30.13060751890582","395.0","11.826791160057315","16.510563974338456","1458.0","10.40608663248485","1.3928191317240748","23.239356669820246","1071.7560090702857","19.581916001383533","1.0252377572186602","14.360960176078136","855.4814814814445","16.484534409932742","0.8168874048449942","8.982862859728305","274.0","8.619459469289186","0.2629663694165634"
"8.982862859728305","274.0","11.826791160057315","13.799725569741081","2922.3027868281492","10.596714486026864","2.7933059806854548","16.66609416211629","2922.3027868281492","13.960680407461862","2.79937393693951","6.3233704814062195","3399.0","5.7295919062735265","3.2562553823499356","20.816151239973806","3399.0","18.268098816837643","3.2509443198340042"
"1.725663716814159","1049.0","11.826791160057315","1.9306930693069309","1049.0","5.422819640095764","0.31007430243642103","0.0","1048.990625","4.181368791607053","0.3097413711124032","1.725663716814159","1029.918181818182","5.0744195886463705","0.3037706308946229","1.9306930693069309","1049.0","9.04108650784231","0.3092629958763913"
"1.9306930693069309","1049.0","11.826791160057315","0.639344262295082","1046.490476190476","2.4971178922966506","0.3095866214852554","3.916698148847752","1049.0","7.381431126568812","0.310884119493305","4.118990862137465","1049.0","7.721527540850846","0.35126983047945637","3.0410657540943533","1049.0","12.938572355230942","0.37749146726085164"
"3.0410657540943533","1049.0","11.826791160057315","1.0388334381732252","1049.0","5.112157586554041","0.4003159679922289","3.524096385542169","1049.0","2.7333188690497607","0.4048061077871029","16.25","1049.0","12.38435475920776","0.40506700989018507","6.902654867256636","1049.0","4.000210537123863","0.4047184841169563"
"6.902654867256636","1049.0","11.826791160057315","5.792079207920793","1049.0","5.336393276294798","0.4062725382980398","16.25","1048.923076923077","10.88320759346834","0.4057245089307552","6.902654867256636","1035.875","7.767199844887059","0.40021430422480236","5.792079207920793","1044.9487179486923","3.6382101974332075","0.403453708088679"
"5.792079207920793","1044.9487179486923","11.826791160057315","12.786885245901642","1048.9583333333333","10.121400735065146","0.4071070364191763","33.94471729001385","1035.3636363636363","12.473444165172069","0.40078164905256014","32.95192689709972","999.0","12.431903546866547","0.38676545950954094","48.65705206550965","913.9218111605826","9.96182234641282","0.3542992781955892"
"48.65705206550965","913.9218111605826","11.826791160057315","65.4465066049132","1383.138888888889","12.446123844726776","0.5450805341495518","0.0","1070.3607142857143","1.0","0.39102700640607185","0.0","1388.2333333333","1.0","0.5071530721198927","0.0","1116.8088235294117","1.0","0.4079955524937387"
"13.674429810472214","2599.0","11.826791160057315","11.972577696526509","2599.0","19.88362731513171","0.09603315569550805","11.244848901098901","2599.0","19.643070284850353","0.0923888460139533","8.239808756919981","2599.0","10.680781660426174","0.09961891894513329","7.4563846558066205","2599.0","14.023466229652298","0.10334230001218525"
"7.4563846558066205","2599.0","11.826791160057315","17.02144249512671","2599.0","14.792290465007552","0.10160222206033521","4.095079410096426","2599.0","26.67782150964653","0.1113987533841602","4.716878662283836","2598.991666666667","12.298829720959406","0.13112628473233354","55.5","2599.0","15.391304347826088","0.130342510575169"
"55.5","2599.0","11.826791160057315","55.49999999999999","2599.0","15.677384340626398","0.1315572929462776","50.08465189873417","2571.0911449663636","13.889515685195375","0.13991209862485285","31.11163895486936","2925.6145615958208","8.958941570295128","0.13383296393539887","12.622550594282043","2925.6145615958208","6.817744970023983","0.12739082516668157"
"12.622550594282043","2925.6145615958208","11.826791160057315","17.958866544789764","2925.6145615958208","9.40718267920865","0.12734245286026577","20.240728021978025","2925.6145615958208","10.133795569467036","0.12765058273313534","29.66331152491193","2925.6145615958208","22.718161403026702","0.13766927507793025","32.11981082501313","2925.6145615958208","16.598693172986554","0.15429422816518912"
"32.11981082501313","2925.6145615958208","11.826791160057315","2.1276803118908387","2925.6145615958208","13.465205873717911","0.11413121044473365","33.053140952921154","2925.6145615958208","19.16356048425162","0.1265445087447108","32.42854080320137","1069.2256727099548","20.79784031631381","0.05875739347261658","0.0","1149.0","1.0","0.05195970957164622"
"0.0","1149.0","11.826791160057315","0.0","1149.0","1.0","0.05195970957164622","0.0","1149.0","1.0","0.05195970957164622","0.0","1149.0","1.0","0.05195970957164622","0.0","1149.0","1.0","0.05195970957164622"
"231.29999999999998","22990.0","11.826791160057315","231.29999999999995","22990.0","54.41267942583732","11.612214751356074","231.29999999999998","22990.0","34.53986332574032","11.745852679335535","0.0","21281.666666666668","1.0","10.372395764209239","0.0","18940.0","1.0","9.231099182745226"
"0.0","18940.0","11.826791160057315","0.0","27990.0","1.0","13.641946469115041","0.0","22178.303099014287","1.0","10.809404203378389","0.0","18165.46754675","1.0","8.853602567317255","0.0","23169.03153839918","1.0","11.292271810935324"
"0.0","23169.03153839918","11.826791160057315","0.0","23169.03153839918","1.0","11.292271810935324","0.0","23169.03153839918","1.0","11.292271810935324","0.0","23169.03153839918","1.0","11.292271810935324","0.0","23169.03153839918","1.0","11.292271810935324"
"0.0","23169.03153839918","11.826791160057315","0.0","23169.03153839918","1.0","11.292271810935324","0.0","23169.03153839918","1.0","11.292271810935324","0.0","23169.03153839918","1.0","11.292271810935324","0.0","23169.03153839918","1.0","11.292271810935324"
"0.0","23169.03153839918","11.826791160057315","0.0","23169.03153839918","1.0","11.292271810935324","0.0","2925.6145615958208","1.0","1.425904867400988","0.0","3399.0","1.0","1.6566265112012155","0.0","3399.0","1.0","1.6566265112012155"
"0.0","3399.0","11.826791160057315","0.0","3399.0","1.0","1.6566265112012155","0.0","2925.6145615958208","1.0","1.425904867400988","0.0","3399.0","1.0","1.6566265112012155","0.0","3399.0","1.0","1.6566265112012155"
"0.0","2095.4557435011766","11.826791160057315","6.936416184971098","2095.4557435011766","145.24435102469783","3.3196841055342214","4.743083003952569","2095.4557435011766","58.2306746215942","2.7153258431151865","5.946481665014867","2095.4557435011766","29.35584667503768","3.740815855290919","7.08768741481145","2095.4557435011766","17.49610920463813","3.510949031112238"
"7.08768741481145","2095.4557435011766","11.826791160057315","5.705229793977813","2095.4557435011766","15.948165867335423","2.637000074687702","3.197674418604651","2095.4557435011766","9.183885462874612","2.6375099650145963","1.9332161687170473","2095.4557435011766","7.474875703708295","2.6447699655672583","15.865384615384617","2095.4557435011766","9.638009992184363","2.6331467179909605"
"15.865384615384617","2095.4557435011766","11.826791160057315","37.5","2095.4557435011766","11.219092906530076","2.825428128435122","37.5","2095.4557435011766","9.180497925311204","2.8137752952978015","37.5","2095.4557435011766","9.180497925311204","6.09411911373825","37.5","2095.4557435011766","9.180497925311204","1.8242442332011881"
"37.5","2095.4557435011766","11.826791160057315","10.404624277456648","2095.4557435011766","2.763837162625927","1.7618055158893937","18.972332015810277","2095.4557435011766","5.478838252979881","1.7712039167565143","14.27155599603568","2095.4557435011766","5.482498799366276","1.7586562767441087","9.813721035892778","2095.4557435011766","7.076919174461802","2.7901104815130644"
"9.813721035892778","2095.4557435011766","11.826791160057315","15.213946117274169","23169.03153839918","9.251495536931465","23.576875448859","9.593023255813954","23169.03153839918","5.3614849959724244","22.588062799218015","10.149384885764498","23169.03153839918","5.462131989976571","19.53362234756248","9.51923076923077","24392.0","6.366365238357396","20.564752022982276"
"9.51923076923077","24392.0","11.826791160057315","0.0","27656.666666666668","1.0","29.989263762022823","0.0","24725.47222221667","1.0","26.81084879279104","0.0","26989.916666666668","1.0","29.26627925147701","0.0","27790.0","1.0","30.133842591778265"
"0.0","1198.9857142857143","11.826791160057315","2.36013986013986","1199.0","17.840509391205213","0.7618026380354905","0.0","802.6992307692308","7.058041648205583","0.5081661374836862","0.0","1007.8294444444444","5.537469501469362","0.630287332360503","2.096273291925466","1061.5","7.931242121825323","0.6638524077548468"
"2.096273291925466","1061.5","11.826791160057315","2.2470039946737685","1199.0","8.153662441250155","0.7567307586204989","9.776148969889066","1199.0","9.133321194742896","0.7516096559769122","8.262179809141134","856.7510444749696","9.746029083803144","0.5383285165140757","12.239583333333336","856.7510444749696","11.097542381066631","0.536688407665428"
"12.239583333333336","856.7510444749696","11.826791160057315","13.481501717140178","856.7510444749696","11.581927980908642","0.536292768949433","12.712519319938176","856.7510444749696","11.8086269279809","0.538037025212405","10.428994082840237","856.7510444749696","18.4096126918277","0.5327383192217736","1.4087120347111215","856.7510444749696","7.51730596274943","0.3296470474763548"
"1.4087120347111215","856.7510444749696","11.826791160057315","2.36013986013986","856.7510444749696","1.71081143056232","0.33023635424821934","18.75","856.7510444749696","12.636171337916446","0.33162570142979897","18.75","856.7510444749696","15.52837825223932","0.3300506898828911","4.192546583850932","2095.4557435011766","6.7229143370030755","0.8082323163426443"
"4.192546583850932","2095.4557435011766","11.826791160057315","3.1458055925432755","2199.0","6.256529088464078","0.849301492589984","11.948626518753303","2398.9375","9.826003236101359","0.9258877046004726","18.58990457056755","2104.8823529411766","9.746383767354004","0.8115982185644767","28.559027777777782","1999.0","14.671535243507627","0.771466384315735"
"28.559027777777782","1999.0","11.826791160057315","23.111145800811734","1999.0","8.796681501669582","0.7726598119496433","26.484415249871198","1993.2599999999998","9.87531583826744","0.7714096229641599","36.50147928994083","1974.110351567059","8.38499922332711","0.7659717213071359","76.07044987440057","2095.4557435011766","12.57594721301182","0.8193049534959718"
