SHOP,ITEM,REAL,MEAN,ANN
31,20949,431,490,628
31,2808,0,2,1
31,3732,7,11,3
31,17717,55,47,51
31,5822,34,27,24
31,3734,2,6,3
31,6675,0,1,1
31,3731,15,15,14
31,1855,0,0,1
31,16787,1,0,1
31,7856,6,8,8
31,4181,23,31,20
31,3331,5,10,7
31,2445,2,2,2
31,2308,4,10,6
31,4870,7,7,10
31,6738,2,1,1
31,2814,0,0,0
31,1830,0,0,0
31,11373,0,0,3
31,6503,14,64,24
31,5823,11,19,12
31,3733,4,4,4
31,6740,1,1,2
31,5821,14,13,11
31,16790,5,5,4
31,11370,0,0,3
31,6497,4,8,7
31,5272,1,1,1
31,3183,0,0,2
31,7894,13,13,11
31,6457,1,2,2
31,3928,1,2,2
31,2269,4,4,3
31,15044,0,0,0
31,13071,0,0,0
31,6466,0,0,1
31,6498,0,0,1
31,4178,13,18,9
31,22088,20,14,18
31,5672,5,4,4
31,7018,4,2,2
31,2416,0,0,2
31,7096,0,0,0
31,7893,3,3,4
31,2753,3,3,5
31,10210,9,9,7
31,1495,0,1,1
31,3329,0,1,1
31,6495,0,0,1
31,1916,0,0,1
31,9355,24,154,94
31,1849,0,0,6
31,3340,0,4,0
31,3341,7,39,19
31,1905,1,2,2
31,9242,0,0,1
31,7070,0,0,0
31,3343,8,40,17
31,6488,0,0,1
31,4244,2,1,2
31,3077,3,1,1
31,12134,3,3,3
31,4872,4,2,3
31,10209,6,6,5
31,4231,2,2,3
31,3342,1,20,2
31,3076,2,3,3
31,7807,0,0,0
31,6490,0,0,1
31,5820,7,5,3
31,4351,3,3,4
31,6501,0,0,1
31,3851,1,2,3
31,3719,1,2,2
31,4248,3,2,6
31,15063,1,1,1
31,3335,0,1,3
31,4249,1,2,2
31,10298,8,14,15
31,16227,3,7,6
31,2252,9,6,7
31,4806,2,4,4
31,1556,2,2,2
31,21404,6,7,6
31,16169,5,3,2
31,1511,0,0,3
31,6502,0,0,3
31,22087,15,12,12
31,21440,4,3,2
31,7834,2,2,2
31,7172,2,3,4
31,12168,0,0,2
31,6185,0,3,2
31,1516,0,0,1
31,1555,0,12,10
31,5663,0,1,1
31,7805,0,0,0
31,16056,0,8,5
31,3432,0,0,2
25,20949,461,397,382
25,2808,3,1,1
25,3732,5,7,3
25,17717,22,46,35
25,5822,14,16,19
25,3734,2,6,3
25,6675,0,0,1
25,3731,14,14,13
25,1855,3,1,0
25,16787,0,1,0
25,7856,4,3,4
25,4181,9,12,7
25,3331,2,2,2
25,2445,2,3,4
25,2308,5,8,4
25,4870,1,5,7
25,6738,1,2,1
25,2814,0,0,0
25,1830,0,1,0
25,11373,0,0,1
25,6503,15,52,19
25,5823,11,11,12
25,3733,5,5,5
25,6740,0,1,1
25,5821,7,6,6
25,16790,4,4,3
25,11370,0,0,2
25,6497,4,4,6
25,5272,0,1,0
25,3183,0,0,1
25,7894,8,6,4
25,6457,1,2,2
25,3928,2,1,3
25,2269,5,4,2
25,15044,0,0,0
25,13071,0,0,0
25,6466,0,0,0
25,6498,0,0,0
25,4178,3,6,5
25,22088,13,6,11
25,5672,7,5,5
25,7018,1,1,1
25,2416,0,1,1
25,7096,0,0,0
25,7893,3,2,3
25,2753,2,2,2
25,10210,19,19,17
25,1495,1,1,1
25,3329,0,1,0
25,6495,0,0,0
25,1916,0,1,0
25,9355,11,51,33
25,1849,0,0,3
25,3340,0,7,0
25,3341,5,25,9
25,1905,4,1,2
25,9242,0,0,1
25,7070,0,0,0
25,3343,1,27,8
25,6488,0,0,0
25,4244,0,2,2
25,3077,1,1,1
25,12134,4,5,4
25,4872,4,4,4
25,10209,5,5,5
25,4231,1,1,0
25,3342,0,24,5
25,3076,0,1,1
25,7807,0,0,0
25,6490,0,0,0
25,5820,5,6,4
25,4351,2,2,2
25,6501,0,0,0
25,3851,3,2,2
25,3719,3,1,2
25,4248,0,2,2
25,15063,0,1,1
25,3335,0,1,1
25,4249,1,1,1
25,10298,3,5,3
25,16227,3,5,4
25,2252,4,6,6
25,4806,9,9,9
25,1556,4,4,4
25,21404,4,3,3
25,16169,13,13,10
25,1511,0,0,0
25,6502,0,0,0
25,22087,0,4,1
25,21440,0,0,0
25,7834,1,1,1
25,7172,5,3,6
25,12168,0,0,0
25,6185,3,3,2
25,1516,0,0,1
25,1555,0,5,1
25,5663,0,2,2
25,7805,0,0,0
25,16056,0,6,4
25,3432,0,0,1
54,20949,0,0,0
54,2808,0,0,0
54,3732,0,0,1
54,17717,0,0,1
54,5822,0,0,1
54,3734,0,0,2
54,6675,0,0,1
54,3731,0,0,1
54,1855,0,0,0
54,16787,0,0,0
54,7856,0,0,0
54,4181,0,0,1
54,3331,0,0,0
54,2445,0,0,0
54,2308,0,0,0
54,4870,0,0,1
54,6738,0,0,0
54,2814,0,0,0
54,1830,0,0,0
54,11373,0,0,1
54,6503,0,0,2
54,5823,0,0,1
54,3733,0,0,1
54,6740,0,0,0
54,5821,0,0,0
54,16790,0,0,0
54,11370,0,0,1
54,6497,0,0,1
54,5272,0,0,0
54,3183,0,0,1
54,7894,0,0,1
54,6457,0,0,0
54,3928,0,0,0
54,2269,0,0,0
54,15044,0,0,0
54,13071,0,0,0
54,6466,0,0,0
54,6498,0,0,0
54,4178,0,0,1
54,22088,0,0,1
54,5672,0,0,0
54,7018,0,0,0
54,2416,0,0,1
54,7096,0,0,0
54,7893,0,0,1
54,2753,0,0,0
54,10210,0,0,1
54,1495,0,0,0
54,3329,0,0,0
54,6495,0,0,0
54,1916,0,0,0
54,9355,0,0,1
54,1849,0,0,3
54,3340,0,0,0
54,3341,0,0,1
54,1905,0,0,0
54,9242,0,0,1
54,7070,0,0,0
54,3343,0,0,1
54,6488,0,0,0
54,4244,0,0,0
54,3077,0,0,0
54,12134,0,0,1
54,4872,0,0,0
54,10209,0,0,1
54,4231,0,0,0
54,3342,0,0,1
54,3076,0,0,0
54,7807,0,0,0
54,6490,0,0,0
54,5820,0,0,1
54,4351,0,0,0
54,6501,0,0,0
54,3851,0,0,0
54,3719,0,0,0
54,4248,0,0,0
54,15063,0,0,0
54,3335,0,0,1
54,4249,0,0,0
54,10298,0,0,0
54,16227,0,0,1
54,2252,0,0,1
54,4806,0,0,0
54,1556,0,0,1
54,21404,0,0,0
54,16169,0,0,1
54,1511,0,0,1
54,6502,0,0,1
54,22087,0,0,1
54,21440,0,0,0
54,7834,0,0,0
54,7172,0,0,0
54,12168,0,0,0
54,6185,0,0,1
54,1516,0,0,1
54,1555,0,0,1
54,5663,0,0,0
54,7805,0,0,0
54,16056,0,0,2
54,3432,0,0,1
28,20949,229,225,173
28,2808,3,1,1
28,3732,3,9,3
28,17717,21,26,12
28,5822,14,12,11
28,3734,4,9,4
28,6675,0,2,2
28,3731,3,3,3
28,1855,0,1,0
28,16787,2,0,0
28,7856,1,1,1
28,4181,3,4,2
28,3331,0,9,5
28,2445,1,1,1
28,2308,4,4,5
28,4870,8,10,1
28,6738,0,0,0
28,2814,0,0,0
28,1830,0,0,0
28,11373,0,0,1
28,6503,11,75,31
28,5823,6,7,4
28,3733,2,2,2
28,6740,0,1,0
28,5821,4,10,8
28,16790,3,4,2
28,11370,0,0,1
28,6497,1,2,2
28,5272,0,0,0
28,3183,0,0,1
28,7894,8,5,6
28,6457,2,2,2
28,3928,4,3,4
28,2269,6,5,5
28,15044,0,0,0
28,13071,0,0,0
28,6466,0,0,0
28,6498,0,0,1
28,4178,5,10,6
28,22088,8,6,2
28,5672,1,2,1
28,7018,1,1,1
28,2416,0,0,1
28,7096,0,0,0
28,7893,4,5,4
28,2753,1,1,1
28,10210,3,3,3
28,1495,0,0,0
28,3329,3,2,1
28,6495,0,0,1
28,1916,0,1,0
28,9355,14,39,20
28,1849,0,0,1
28,3340,0,0,0
28,3341,4,39,15
28,1905,0,2,1
28,9242,0,0,1
28,7070,0,0,0
28,3343,0,34,10
28,6488,0,0,1
28,4244,2,2,1
28,3077,0,2,1
28,12134,3,4,3
28,4872,8,6,6
28,10209,1,1,1
28,4231,1,1,2
28,3342,0,21,4
28,3076,2,1,1
28,7807,0,0,0
28,6490,0,0,1
28,5820,3,2,1
28,4351,2,4,4
28,6501,0,0,0
28,3851,0,0,1
28,3719,2,1,2
28,4248,2,4,3
28,15063,0,0,0
28,3335,0,2,1
28,4249,3,4,3
28,10298,6,6,4
28,16227,1,3,3
28,2252,3,3,2
28,4806,3,2,2
28,1556,0,7,1
28,21404,4,2,2
28,16169,5,7,6
28,1511,0,0,1
28,6502,0,0,0
28,22087,6,2,2
28,21440,1,1,1
28,7834,1,1,1
28,7172,4,4,6
28,12168,0,0,1
28,6185,3,3,3
28,1516,0,0,0
28,1555,1,1,0
28,5663,0,0,1
28,7805,0,0,0
28,16056,0,5,2
28,3432,0,0,1
42,20949,446,407,468
42,2808,1,1,0
42,3732,0,1,1
42,17717,31,42,30
42,5822,17,18,24
42,3734,1,2,2
42,6675,0,1,1
42,3731,6,6,4
42,1855,0,0,0
42,16787,0,0,0
42,7856,5,6,3
42,4181,2,5,3
42,3331,0,5,3
42,2445,1,0,0
42,2308,3,11,10
42,4870,3,4,3
42,6738,3,4,2
42,2814,0,0,0
42,1830,0,0,0
42,11373,0,0,1
42,6503,5,44,43
42,5823,28,20,21
42,3733,2,2,2
42,6740,0,1,0
42,5821,12,14,12
42,16790,3,2,2
42,11370,0,0,1
42,6497,1,5,7
42,5272,1,0,0
42,3183,0,0,1
42,7894,5,4,4
42,6457,1,3,4
42,3928,4,2,3
42,2269,1,1,1
42,15044,0,0,0
42,13071,0,0,0
42,6466,0,0,0
42,6498,0,0,0
42,4178,2,2,2
42,22088,1,1,1
42,5672,3,2,2
42,7018,0,0,0
42,2416,0,1,0
42,7096,0,0,0
42,7893,1,1,1
42,2753,2,2,2
42,10210,6,6,5
42,1495,2,1,1
42,3329,0,1,0
42,6495,0,0,0
42,1916,1,1,0
42,9355,3,17,8
42,1849,0,0,2
42,3340,1,0,0
42,3341,0,19,9
42,1905,1,2,1
42,9242,0,0,0
42,7070,0,0,0
42,3343,0,18,10
42,6488,0,0,0
42,4244,0,0,0
42,3077,1,2,3
42,12134,1,1,2
42,4872,2,1,1
42,10209,7,7,7
42,4231,3,1,1
42,3342,0,13,2
42,3076,1,0,1
42,7807,0,0,0
42,6490,0,0,0
42,5820,4,3,2
42,4351,1,2,1
42,6501,0,0,0
42,3851,2,1,1
42,3719,1,1,1
42,4248,0,0,0
42,15063,1,0,0
42,3335,0,1,0
42,4249,1,3,1
42,10298,3,3,3
42,16227,3,1,1
42,2252,3,2,1
42,4806,8,6,2
42,1556,0,20,19
42,21404,1,1,1
42,16169,6,6,6
42,1511,0,0,1
42,6502,0,0,0
42,22087,2,1,2
42,21440,0,0,1
42,7834,4,1,0
42,7172,4,2,3
42,12168,0,0,1
42,6185,1,1,1
42,1516,0,0,1
42,1555,0,4,1
42,5663,0,1,1
42,7805,0,1,0
42,16056,0,3,5
42,3432,0,0,1
57,20949,111,145,128
57,2808,1,1,0
57,3732,1,4,1
57,17717,6,16,9
57,5822,11,8,11
57,3734,3,5,2
57,6675,0,0,4
57,3731,10,10,11
57,1855,0,0,0
57,16787,0,0,0
57,7856,2,2,1
57,4181,10,32,19
57,3331,0,1,2
57,2445,0,1,1
57,2308,6,6,6
57,4870,6,13,9
57,6738,0,0,0
57,2814,0,0,0
57,1830,1,0,0
57,11373,0,0,0
57,6503,5,36,26
57,5823,4,1,2
57,3733,3,3,3
57,6740,0,0,0
57,5821,9,10,8
57,16790,1,2,2
57,11370,0,0,0
57,6497,5,2,1
57,5272,0,1,0
57,3183,0,0,0
57,7894,1,3,3
57,6457,1,1,1
57,3928,2,1,2
57,2269,3,2,0
57,15044,1,0,0
57,13071,0,0,0
57,6466,0,0,0
57,6498,0,0,0
57,4178,10,27,18
57,22088,12,9,8
57,5672,2,2,2
57,7018,0,2,3
57,2416,1,0,0
57,7096,0,0,0
57,7893,2,2,2
57,2753,5,4,2
57,10210,3,3,3
57,1495,0,0,0
57,3329,0,1,0
57,6495,0,0,0
57,1916,0,1,0
57,9355,1,1,1
57,1849,0,0,1
57,3340,0,0,0
57,3341,2,6,2
57,1905,2,3,0
57,9242,0,0,0
57,7070,0,0,0
57,3343,4,20,10
57,6488,0,0,0
57,4244,4,2,1
57,3077,6,6,3
57,12134,6,4,2
57,4872,2,4,3
57,10209,3,3,3
57,4231,0,0,0
57,3342,0,13,2
57,3076,1,1,1
57,7807,0,0,0
57,6490,0,0,0
57,5820,1,2,2
57,4351,2,3,1
57,6501,0,0,0
57,3851,3,2,2
57,3719,0,1,1
57,4248,3,1,2
57,15063,0,0,0
57,3335,0,1,0
57,4249,0,2,2
57,10298,5,7,5
57,16227,1,1,0
57,2252,5,4,2
57,4806,5,3,1
57,1556,0,8,7
57,21404,7,8,4
57,16169,8,6,8
57,1511,0,0,0
57,6502,0,0,0
57,22087,3,5,3
57,21440,5,4,3
57,7834,1,0,0
57,7172,5,7,6
57,12168,0,0,0
57,6185,6,4,3
57,1516,0,0,0
57,1555,0,3,2
57,5663,1,1,1
57,7805,0,2,0
57,16056,0,2,1
57,3432,0,0,0
27,20949,0,86,107
27,2808,0,0,0
27,3732,0,2,1
27,17717,0,17,1
27,5822,0,2,0
27,3734,0,4,1
27,6675,0,1,1
27,3731,0,33,1
27,1855,0,0,0
27,16787,0,0,0
27,7856,0,1,1
27,4181,0,3,1
27,3331,0,1,1
27,2445,0,1,0
27,2308,0,1,0
27,4870,0,3,0
27,6738,0,0,0
27,2814,0,0,0
27,1830,0,0,0
27,11373,0,0,1
27,6503,0,20,1
27,5823,0,2,0
27,3733,0,7,1
27,6740,0,0,0
27,5821,0,2,0
27,16790,0,1,0
27,11370,0,0,1
27,6497,0,3,1
27,5272,0,0,0
27,3183,0,0,0
27,7894,0,4,1
27,6457,0,1,0
27,3928,0,0,0
27,2269,0,3,0
27,15044,0,0,0
27,13071,0,0,0
27,6466,0,0,0
27,6498,0,0,0
27,4178,0,1,0
27,22088,0,1,0
27,5672,0,0,0
27,7018,0,0,0
27,2416,0,0,0
27,7096,0,0,0
27,7893,0,1,0
27,2753,0,0,0
27,10210,0,24,1
27,1495,0,0,0
27,3329,0,1,0
27,6495,0,0,0
27,1916,0,1,0
27,9355,0,19,1
27,1849,0,0,2
27,3340,0,0,0
27,3341,0,11,1
27,1905,0,1,0
27,9242,0,0,0
27,7070,0,0,0
27,3343,0,12,1
27,6488,0,0,0
27,4244,0,1,0
27,3077,0,1,1
27,12134,0,1,0
27,4872,0,0,0
27,10209,0,13,1
27,4231,0,0,0
27,3342,0,7,0
27,3076,0,1,1
27,7807,0,0,0
27,6490,0,0,0
27,5820,0,3,1
27,4351,0,0,0
27,6501,0,0,0
27,3851,0,1,0
27,3719,0,0,0
27,4248,0,1,0
27,15063,0,0,0
27,3335,0,2,0
27,4249,0,2,0
27,10298,0,1,0
27,16227,0,2,1
27,2252,0,0,0
27,4806,0,1,0
27,1556,0,14,1
27,21404,0,0,0
27,16169,0,1,0
27,1511,0,0,1
27,6502,0,0,1
27,22087,0,1,1
27,21440,0,0,0
27,7834,0,0,0
27,7172,0,0,0
27,12168,0,0,1
27,6185,0,1,1
27,1516,0,0,0
27,1555,0,4,1
27,5663,0,0,0
27,7805,0,0,0
27,16056,0,2,0
27,3432,0,0,1
6,20949,54,45,51
6,2808,0,1,1
6,3732,2,1,1
6,17717,18,29,19
6,5822,12,9,15
6,3734,1,4,1
6,6675,0,1,1
6,3731,6,6,6
6,1855,0,0,0
6,16787,0,0,0
6,7856,2,2,1
6,4181,9,15,5
6,3331,0,1,0
6,2445,0,0,0
6,2308,3,4,3
6,4870,3,1,1
6,6738,0,1,0
6,2814,0,0,0
6,1830,0,0,0
6,11373,0,0,0
6,6503,2,6,2
6,5823,6,2,2
6,3733,5,5,4
6,6740,0,0,0
6,5821,7,8,5
6,16790,0,0,0
6,11370,0,0,0
6,6497,1,1,0
6,5272,1,0,0
6,3183,0,0,0
6,7894,0,3,2
6,6457,1,1,0
6,3928,0,0,0
6,2269,1,1,1
6,15044,0,0,0
6,13071,0,0,0
6,6466,0,0,0
6,6498,0,0,0
6,4178,3,6,2
6,22088,2,7,0
6,5672,0,1,0
6,7018,2,1,1
6,2416,0,0,0
6,7096,0,0,0
6,7893,0,1,1
6,2753,0,2,2
6,10210,7,7,7
6,1495,0,0,0
6,3329,0,1,0
6,6495,0,0,0
6,1916,0,0,0
6,9355,0,3,3
6,1849,0,0,0
6,3340,0,6,0
6,3341,1,12,2
6,1905,0,0,0
6,9242,0,0,0
6,7070,0,0,0
6,3343,2,14,3
6,6488,0,0,0
6,4244,0,0,0
6,3077,2,1,0
6,12134,3,1,0
6,4872,4,2,2
6,10209,5,5,5
6,4231,0,0,0
6,3342,0,5,0
6,3076,1,0,0
6,7807,0,0,0
6,6490,0,0,0
6,5820,0,5,3
6,4351,3,3,3
6,6501,0,0,0
6,3851,1,0,0
6,3719,0,1,0
6,4248,1,0,0
6,15063,0,0,0
6,3335,0,1,0
6,4249,0,0,0
6,10298,0,0,0
6,16227,0,0,0
6,2252,2,0,0
6,4806,2,5,4
6,1556,0,6,1
6,21404,0,0,0
6,16169,1,1,1
6,1511,0,0,0
6,6502,0,0,0
6,22087,3,4,2
6,21440,0,0,0
6,7834,5,2,2
6,7172,1,1,1
6,12168,0,0,0
6,6185,3,1,0
6,1516,0,0,0
6,1555,0,4,0
6,5663,1,0,0
6,7805,0,2,1
6,16056,0,5,3
6,3432,0,0,0
58,20949,67,68,80
58,2808,2,1,0
58,3732,2,2,0
58,17717,3,12,7
58,5822,9,7,3
58,3734,1,9,1
58,6675,1,1,1
58,3731,2,2,2
58,1855,0,0,0
58,16787,0,0,0
58,7856,1,2,1
58,4181,4,7,2
58,3331,1,4,1
58,2445,1,2,0
58,2308,5,6,3
58,4870,12,18,14
58,6738,0,0,0
58,2814,0,0,0
58,1830,0,0,0
58,11373,0,0,0
58,6503,8,38,38
58,5823,3,1,1
58,3733,0,1,0
58,6740,0,0,0
58,5821,3,3,1
58,16790,1,2,0
58,11370,0,0,0
58,6497,4,4,5
58,5272,0,0,0
58,3183,0,0,0
58,7894,5,7,1
58,6457,0,0,0
58,3928,3,1,1
58,2269,2,1,0
58,15044,0,0,0
58,13071,0,0,0
58,6466,0,0,0
58,6498,0,0,0
58,4178,8,10,4
58,22088,4,2,3
58,5672,2,1,1
58,7018,0,0,0
58,2416,0,0,0
58,7096,0,0,0
58,7893,4,3,2
58,2753,1,0,0
58,10210,2,2,2
58,1495,1,2,1
58,3329,0,1,0
58,6495,0,0,0
58,1916,0,0,0
58,9355,5,4,5
58,1849,0,0,0
58,3340,0,0,0
58,3341,2,11,3
58,1905,0,1,0
58,9242,0,0,0
58,7070,0,0,0
58,3343,3,14,8
58,6488,0,0,0
58,4244,3,3,2
58,3077,10,6,5
58,12134,1,5,1
58,4872,3,7,2
58,10209,1,1,1
58,4231,2,1,0
58,3342,0,5,1
58,3076,3,2,1
58,7807,0,0,0
58,6490,0,0,0
58,5820,1,0,0
58,4351,0,0,0
58,6501,0,0,0
58,3851,0,0,0
58,3719,1,1,0
58,4248,2,2,1
58,15063,0,0,0
58,3335,0,2,0
58,4249,1,2,1
58,10298,2,4,1
58,16227,2,1,0
58,2252,4,4,1
58,4806,4,2,0
58,1556,0,3,3
58,21404,7,4,2
58,16169,2,3,1
58,1511,0,0,0
58,6502,0,0,0
58,22087,5,1,1
58,21440,2,2,1
58,7834,0,0,0
58,7172,7,6,3
58,12168,0,0,0
58,6185,1,3,1
58,1516,0,0,0
58,1555,0,2,2
58,5663,1,2,1
58,7805,1,1,0
58,16056,1,1,0
58,3432,0,0,0
46,20949,77,60,38
46,2808,0,1,0
46,3732,1,3,1
46,17717,21,29,23
46,5822,9,7,6
46,3734,2,10,2
46,6675,0,0,1
46,3731,7,7,7
46,1855,0,0,0
46,16787,0,0,0
46,7856,6,4,0
46,4181,4,12,5
46,3331,2,3,1
46,2445,0,0,0
46,2308,2,4,4
46,4870,3,3,1
46,6738,0,0,0
46,2814,0,0,0
46,1830,0,0,0
46,11373,0,0,0
46,6503,3,35,23
46,5823,4,6,7
46,3733,1,1,1
46,6740,0,0,0
46,5821,9,7,4
46,16790,2,3,1
46,11370,0,0,0
46,6497,0,2,1
46,5272,0,0,0
46,3183,0,0,0
46,7894,5,3,2
46,6457,0,0,0
46,3928,1,0,0
46,2269,1,1,1
46,15044,0,0,0
46,13071,0,0,0
46,6466,0,0,0
46,6498,0,0,0
46,4178,1,4,0
46,22088,2,2,1
46,5672,1,1,1
46,7018,0,0,0
46,2416,0,0,0
46,7096,0,0,0
46,7893,3,1,0
46,2753,1,0,0
46,10210,5,5,5
46,1495,1,1,1
46,3329,0,1,0
46,6495,0,0,0
46,1916,0,0,0
46,9355,1,12,1
46,1849,0,0,0
46,3340,0,0,0
46,3341,1,11,2
46,1905,1,1,0
46,9242,0,0,0
46,7070,0,0,0
46,3343,1,10,1
46,6488,0,0,0
46,4244,1,0,0
46,3077,1,1,1
46,12134,1,1,0
46,4872,4,2,3
46,10209,2,2,0
46,4231,2,1,0
46,3342,0,2,0
46,3076,1,1,0
46,7807,0,0,0
46,6490,0,0,0
46,5820,2,3,3
46,4351,2,2,2
46,6501,0,0,0
46,3851,2,1,0
46,3719,0,0,0
46,4248,1,1,1
46,15063,0,0,0
46,3335,0,1,0
46,4249,0,0,0
46,10298,1,4,2
46,16227,2,2,1
46,2252,0,2,1
46,4806,2,2,2
46,1556,0,2,0
46,21404,1,2,1
46,16169,1,3,1
46,1511,0,0,0
46,6502,0,0,0
46,22087,0,1,0
46,21440,0,0,0
46,7834,1,0,0
46,7172,0,1,1
46,12168,0,0,0
46,6185,2,0,0
46,1516,0,0,0
46,1555,0,3,0
46,5663,0,2,0
46,7805,0,0,0
46,16056,0,4,1
46,3432,0,0,0
56,20949,89,60,58
56,2808,0,0,0
56,3732,1,3,0
56,17717,14,14,11
56,5822,8,11,8
56,3734,2,4,1
56,6675,0,1,1
56,3731,0,32,30
56,1855,0,0,0
56,16787,0,0,0
56,7856,3,3,1
56,4181,8,14,2
56,3331,1,1,0
56,2445,0,0,0
56,2308,5,2,1
56,4870,1,3,2
56,6738,0,0,0
56,2814,0,0,0
56,1830,0,0,0
56,11373,0,0,0
56,6503,2,21,4
56,5823,1,4,3
56,3733,0,7,5
56,6740,0,0,0
56,5821,5,3,1
56,16790,1,1,0
56,11370,0,0,0
56,6497,3,3,3
56,5272,0,0,0
56,3183,0,0,0
56,7894,1,5,1
56,6457,0,0,0
56,3928,1,1,1
56,2269,1,1,0
56,15044,0,0,0
56,13071,0,0,0
56,6466,0,0,0
56,6498,0,0,0
56,4178,3,9,2
56,22088,12,13,9
56,5672,0,0,0
56,7018,3,1,0
56,2416,0,1,0
56,7096,0,0,0
56,7893,3,4,0
56,2753,0,0,0
56,10210,3,3,3
56,1495,0,0,0
56,3329,2,0,0
56,6495,0,0,0
56,1916,0,0,0
56,9355,2,2,1
56,1849,0,0,0
56,3340,0,0,0
56,3341,0,17,3
56,1905,0,0,0
56,9242,0,0,0
56,7070,0,0,0
56,3343,1,17,6
56,6488,0,0,0
56,4244,0,0,0
56,3077,1,0,0
56,12134,2,2,0
56,4872,3,2,1
56,10209,3,2,0
56,4231,4,1,1
56,3342,0,2,0
56,3076,0,0,0
56,7807,0,0,0
56,6490,0,0,0
56,5820,1,1,0
56,4351,0,0,0
56,6501,0,0,0
56,3851,1,0,0
56,3719,0,0,0
56,4248,2,1,0
56,15063,0,0,0
56,3335,0,0,0
56,4249,2,1,0
56,10298,3,4,3
56,16227,2,0,0
56,2252,1,1,1
56,4806,2,1,0
56,1556,1,1,0
56,21404,0,1,0
56,16169,2,1,1
56,1511,0,0,0
56,6502,0,0,0
56,22087,0,2,0
56,21440,2,1,0
56,7834,1,0,0
56,7172,3,2,1
56,12168,0,0,0
56,6185,2,1,0
56,1516,0,0,0
56,1555,0,1,1
56,5663,1,0,0
56,7805,0,0,0
56,16056,1,1,0
56,3432,0,0,0
50,20949,35,36,33
50,2808,0,0,0
50,3732,0,1,0
50,17717,7,12,5
50,5822,5,4,2
50,3734,1,3,0
50,6675,0,0,0
50,3731,3,2,0
50,1855,0,0,0
50,16787,1,0,0
50,7856,0,0,0
50,4181,2,5,2
50,3331,1,2,0
50,2445,0,0,0
50,2308,2,2,1
50,4870,1,3,1
50,6738,1,0,0
50,2814,0,0,0
50,1830,0,0,0
50,11373,0,0,0
50,6503,3,26,10
50,5823,4,1,1
50,3733,2,2,1
50,6740,0,0,0
50,5821,4,2,1
50,16790,1,1,0
50,11370,0,0,0
50,6497,0,1,1
50,5272,0,0,0
50,3183,0,0,0
50,7894,4,2,1
50,6457,0,0,0
50,3928,0,0,0
50,2269,1,1,0
50,15044,0,0,0
50,13071,0,0,0
50,6466,0,0,0
50,6498,0,0,0
50,4178,2,2,0
50,22088,3,2,1
50,5672,1,1,1
50,7018,1,1,0
50,2416,0,0,0
50,7096,0,0,0
50,7893,1,1,1
50,2753,0,0,0
50,10210,3,3,3
50,1495,0,1,0
50,3329,0,1,0
50,6495,0,0,0
50,1916,0,0,0
50,9355,0,18,19
50,1849,0,0,0
50,3340,0,2,0
50,3341,1,8,1
50,1905,0,0,0
50,9242,0,0,0
50,7070,1,0,0
50,3343,2,7,1
50,6488,0,0,0
50,4244,1,1,0
50,3077,1,0,0
50,12134,0,0,0
50,4872,3,1,1
50,10209,1,1,1
50,4231,0,0,0
50,3342,0,5,0
50,3076,1,0,0
50,7807,0,0,0
50,6490,0,0,0
50,5820,0,1,1
50,4351,0,3,1
50,6501,0,0,0
50,3851,1,0,0
50,3719,0,0,0
50,4248,1,0,0
50,15063,0,0,0
50,3335,0,1,0
50,4249,1,0,0
50,10298,1,1,0
50,16227,3,1,1
50,2252,0,0,0
50,4806,2,1,1
50,1556,0,2,0
50,21404,3,1,0
50,16169,0,0,0
50,1511,0,0,0
50,6502,0,0,0
50,22087,2,1,1
50,21440,1,0,0
50,7834,0,0,0
50,7172,0,0,0
50,12168,0,0,0
50,6185,0,1,0
50,1516,0,0,0
50,1555,0,0,0
50,5663,1,1,0
50,7805,0,0,0
50,16056,0,3,0
50,3432,0,0,0
12,20949,500,0,2
12,2808,0,1,1
12,3732,0,1,0
12,17717,0,0,0
12,5822,0,0,0
12,3734,0,0,1
12,6675,0,0,0
12,3731,9,9,9
12,1855,0,0,0
12,16787,0,0,0
12,7856,0,0,0
12,4181,1,0,0
12,3331,0,0,0
12,2445,0,0,0
12,2308,0,1,0
12,4870,0,1,2
12,6738,0,0,0
12,2814,0,0,0
12,1830,0,0,0
12,11373,2253,932,2190
12,6503,1,3,2
12,5823,0,0,0
12,3733,3,2,2
12,6740,0,0,0
12,5821,0,0,0
12,16790,1,0,0
12,11370,123,177,96
12,6497,0,4,1
12,5272,0,0,0
12,3183,0,0,0
12,7894,2,3,1
12,6457,1,0,0
12,3928,1,0,1
12,2269,0,0,0
12,15044,0,0,0
12,13071,0,0,0
12,6466,0,0,0
12,6498,0,0,0
12,4178,0,1,1
12,22088,0,0,0
12,5672,0,0,0
12,7018,0,0,0
12,2416,0,0,0
12,7096,0,0,0
12,7893,0,0,0
12,2753,0,2,1
12,10210,1,1,0
12,1495,0,0,0
12,3329,0,1,0
12,6495,0,0,0
12,1916,1,0,0
12,9355,0,0,0
12,1849,0,0,1
12,3340,1,0,0
12,3341,0,2,0
12,1905,1,0,0
12,9242,-1,0,1
12,7070,0,0,0
12,3343,1,1,0
12,6488,0,0,0
12,4244,0,0,1
12,3077,0,1,0
12,12134,0,0,0
12,4872,0,0,0
12,10209,3,3,3
12,4231,0,0,1
12,3342,0,2,0
12,3076,0,0,0
12,7807,0,0,0
12,6490,0,0,0
12,5820,0,0,1
12,4351,0,0,0
12,6501,0,0,0
12,3851,0,0,0
12,3719,0,0,0
12,4248,0,0,0
12,15063,0,0,0
12,3335,0,0,1
12,4249,0,0,0
12,10298,0,0,0
12,16227,2,1,0
12,2252,0,0,0
12,4806,0,5,4
12,1556,0,5,1
12,21404,0,0,0
12,16169,0,0,1
12,1511,0,0,0
12,6502,0,0,0
12,22087,0,0,0
12,21440,0,0,0
12,7834,0,0,0
12,7172,0,4,4
12,12168,0,0,0
12,6185,0,1,0
12,1516,0,0,0
12,1555,0,1,2
12,5663,0,2,1
12,7805,0,1,0
12,16056,2,14,6
12,3432,0,0,0
19,20949,49,43,37
19,2808,2,1,0
19,3732,0,2,0
19,17717,7,13,7
19,5822,14,13,7
19,3734,1,2,0
19,6675,0,0,0
19,3731,12,12,12
19,1855,0,0,0
19,16787,1,0,0
19,7856,2,2,1
19,4181,9,20,7
19,3331,1,7,0
19,2445,4,3,0
19,2308,2,7,1
19,4870,1,2,1
19,6738,0,0,0
19,2814,0,0,0
19,1830,0,0,0
19,11373,0,0,0
19,6503,4,21,6
19,5823,12,7,4
19,3733,0,10,8
19,6740,0,0,0
19,5821,3,3,3
19,16790,1,0,0
19,11370,0,0,0
19,6497,3,1,0
19,5272,0,1,0
19,3183,0,0,0
19,7894,2,3,1
19,6457,0,1,1
19,3928,4,1,0
19,2269,1,1,1
19,15044,0,0,0
19,13071,0,0,0
19,6466,0,0,0
19,6498,0,0,0
19,4178,3,4,0
19,22088,7,2,2
19,5672,2,1,1
19,7018,2,1,0
19,2416,0,1,0
19,7096,0,0,0
19,7893,0,1,0
19,2753,2,1,0
19,10210,3,3,3
19,1495,0,1,1
19,3329,0,1,0
19,6495,0,0,0
19,1916,0,0,0
19,9355,8,8,7
19,1849,0,0,0
19,3340,0,4,0
19,3341,2,19,4
19,1905,2,3,0
19,9242,0,0,0
19,7070,0,0,0
19,3343,1,8,2
19,6488,0,0,0
19,4244,1,1,1
19,3077,1,1,0
19,12134,0,1,0
19,4872,3,4,3
19,10209,3,2,0
19,4231,4,1,0
19,3342,1,8,1
19,3076,2,1,0
19,7807,0,0,0
19,6490,0,0,0
19,5820,2,1,0
19,4351,3,1,0
19,6501,0,0,0
19,3851,0,0,0
19,3719,0,0,0
19,4248,1,1,0
19,15063,0,0,0
19,3335,0,0,0
19,4249,0,1,0
19,10298,2,2,1
19,16227,1,0,0
19,2252,2,1,1
19,4806,2,4,2
19,1556,0,3,0
19,21404,1,0,0
19,16169,1,2,2
19,1511,0,0,0
19,6502,0,0,0
19,22087,0,1,0
19,21440,1,1,0
19,7834,0,0,0
19,7172,1,1,1
19,12168,0,0,0
19,6185,1,3,2
19,1516,0,0,0
19,1555,0,1,2
19,5663,0,0,0
19,7805,0,0,0
19,16056,2,4,3
19,3432,0,0,0
15,20949,34,111,68
15,2808,5,1,0
15,3732,1,9,1
15,17717,13,30,17
15,5822,8,10,4
15,3734,4,3,0
15,6675,0,0,0
15,3731,10,10,10
15,1855,0,0,0
15,16787,1,0,0
15,7856,0,2,1
15,4181,21,34,18
15,3331,3,3,0
15,2445,2,1,0
15,2308,6,8,8
15,4870,1,5,6
15,6738,0,0,0
15,2814,0,0,0
15,1830,0,0,0
15,11373,0,0,0
15,6503,2,35,15
15,5823,5,2,1
15,3733,3,2,3
15,6740,0,0,0
15,5821,12,6,4
15,16790,0,0,0
15,11370,0,0,0
15,6497,1,1,0
15,5272,0,0,0
15,3183,0,0,0
15,7894,3,5,5
15,6457,1,0,0
15,3928,2,1,1
15,2269,5,3,2
15,15044,0,0,0
15,13071,0,0,0
15,6466,0,0,0
15,6498,0,0,0
15,4178,10,13,6
15,22088,4,4,3
15,5672,3,2,3
15,7018,0,0,0
15,2416,0,0,0
15,7096,0,0,0
15,7893,3,4,2
15,2753,0,2,2
15,10210,5,5,5
15,1495,0,0,0
15,3329,0,0,0
15,6495,0,0,0
15,1916,0,0,0
15,9355,5,5,5
15,1849,0,0,0
15,3340,0,0,0
15,3341,2,17,5
15,1905,0,1,0
15,9242,0,0,0
15,7070,0,0,0
15,3343,0,11,3
15,6488,0,0,0
15,4244,2,1,0
15,3077,0,0,0
15,12134,1,1,1
15,4872,2,1,0
15,10209,1,1,1
15,4231,2,1,1
15,3342,0,4,0
15,3076,0,0,0
15,7807,0,0,0
15,6490,0,0,0
15,5820,3,2,1
15,4351,0,2,1
15,6501,0,0,0
15,3851,0,0,0
15,3719,0,1,0
15,4248,0,0,0
15,15063,0,0,0
15,3335,0,0,0
15,4249,1,1,0
15,10298,1,2,2
15,16227,0,0,0
15,2252,6,3,3
15,4806,0,1,1
15,1556,0,6,0
15,21404,0,0,0
15,16169,1,0,0
15,1511,0,0,0
15,6502,0,0,0
15,22087,4,1,0
15,21440,0,0,0
15,7834,1,1,0
15,7172,2,2,2
15,12168,0,0,0
15,6185,1,1,0
15,1516,0,0,0
15,1555,0,2,0
15,5663,2,0,0
15,7805,0,0,0
15,16056,0,2,0
15,3432,0,0,0
35,20949,61,70,55
35,2808,0,0,0
35,3732,2,4,1
35,17717,15,16,9
35,5822,4,6,4
35,3734,4,6,0
35,6675,0,0,0
35,3731,6,6,6
35,1855,0,0,0
35,16787,0,0,0
35,7856,0,1,0
35,4181,1,2,0
35,3331,1,4,1
35,2445,1,0,0
35,2308,4,5,2
35,4870,4,2,2
35,6738,1,1,0
35,2814,0,0,0
35,1830,0,0,0
35,11373,0,0,0
35,6503,2,30,10
35,5823,3,2,1
35,3733,3,2,0
35,6740,0,0,0
35,5821,7,6,2
35,16790,1,1,1
35,11370,0,0,0
35,6497,2,1,0
35,5272,0,0,0
35,3183,0,0,0
35,7894,0,2,1
35,6457,2,1,1
35,3928,0,0,0
35,2269,2,1,0
35,15044,0,0,0
35,13071,0,0,0
35,6466,0,0,0
35,6498,0,0,0
35,4178,0,1,0
35,22088,3,2,1
35,5672,2,1,0
35,7018,2,1,1
35,2416,0,0,0
35,7096,0,0,0
35,7893,4,3,2
35,2753,4,2,1
35,10210,3,3,3
35,1495,1,3,1
35,3329,0,0,0
35,6495,0,0,0
35,1916,0,0,0
35,9355,0,13,14
35,1849,0,0,0
35,3340,0,0,0
35,3341,1,14,5
35,1905,3,1,0
35,9242,0,0,0
35,7070,0,0,0
35,3343,2,11,8
35,6488,0,0,0
35,4244,0,1,0
35,3077,2,1,0
35,12134,2,1,0
35,4872,0,1,1
35,10209,1,1,1
35,4231,1,1,0
35,3342,1,7,1
35,3076,2,3,1
35,7807,0,0,0
35,6490,0,0,0
35,5820,3,5,3
35,4351,0,4,1
35,6501,0,0,0
35,3851,1,0,0
35,3719,3,2,0
35,4248,0,1,0
35,15063,1,1,0
35,3335,1,1,0
35,4249,0,2,1
35,10298,0,0,0
35,16227,4,2,0
35,2252,2,3,1
35,4806,5,2,2
35,1556,0,7,0
35,21404,0,0,0
35,16169,1,0,0
35,1511,0,0,0
35,6502,0,0,0
35,22087,0,2,0
35,21440,0,0,0
35,7834,1,1,0
35,7172,0,0,0
35,12168,0,0,0
35,6185,0,1,1
35,1516,0,0,0
35,1555,0,5,0
35,5663,2,0,0
35,7805,0,1,0
35,16056,0,2,1
35,3432,0,0,0
21,20949,167,152,227
21,2808,0,0,0
21,3732,0,2,0
21,17717,10,29,9
21,5822,6,5,1
21,3734,0,2,0
21,6675,0,0,1
21,3731,5,5,5
21,1855,0,0,0
21,16787,0,0,0
21,7856,0,0,0
21,4181,2,1,2
21,3331,1,1,0
21,2445,0,1,0
21,2308,2,3,2
21,4870,0,1,0
21,6738,0,0,0
21,2814,0,0,0
21,1830,0,0,0
21,11373,0,0,0
21,6503,1,35,31
21,5823,6,4,1
21,3733,1,1,1
21,6740,0,0,0
21,5821,1,2,1
21,16790,1,1,0
21,11370,0,0,0
21,6497,1,3,0
21,5272,0,0,0
21,3183,0,0,0
21,7894,3,3,1
21,6457,0,2,1
21,3928,1,1,0
21,2269,0,0,0
21,15044,0,0,0
21,13071,0,0,0
21,6466,0,0,0
21,6498,0,0,0
21,4178,1,8,2
21,22088,5,3,1
21,5672,1,2,1
21,7018,0,2,1
21,2416,1,1,0
21,7096,0,0,0
21,7893,2,1,0
21,2753,0,2,0
21,10210,5,5,5
21,1495,0,0,0
21,3329,0,0,0
21,6495,0,0,0
21,1916,0,0,0
21,9355,18,22,22
21,1849,0,0,0
21,3340,0,1,0
21,3341,1,9,1
21,1905,0,0,0
21,9242,0,0,0
21,7070,0,0,0
21,3343,2,10,2
21,6488,0,0,0
21,4244,0,0,0
21,3077,0,0,0
21,12134,1,1,0
21,4872,2,1,1
21,10209,5,5,5
21,4231,1,0,0
21,3342,0,9,1
21,3076,0,0,0
21,7807,0,0,0
21,6490,0,0,0
21,5820,1,3,3
21,4351,0,1,0
21,6501,0,0,0
21,3851,1,1,0
21,3719,0,0,0
21,4248,1,1,0
21,15063,0,0,0
21,3335,0,0,0
21,4249,0,0,0
21,10298,2,2,1
21,16227,3,2,1
21,2252,0,2,2
21,4806,10,1,0
21,1556,0,8,0
21,21404,1,1,0
21,16169,2,2,0
21,1511,0,0,0
21,6502,0,0,0
21,22087,1,1,0
21,21440,0,0,0
21,7834,0,0,0
21,7172,4,2,2
21,12168,0,0,0
21,6185,1,2,0
21,1516,0,0,0
21,1555,0,2,0
21,5663,0,0,0
21,7805,0,1,0
21,16056,0,6,0
21,3432,0,0,0
26,20949,91,70,71
26,2808,2,1,0
26,3732,0,1,0
26,17717,20,34,33
26,5822,4,7,2
26,3734,1,3,0
26,6675,0,0,0
26,3731,2,2,2
26,1855,0,0,0
26,16787,0,0,0
26,7856,3,3,2
26,4181,4,11,2
26,3331,0,3,0
26,2445,0,1,0
26,2308,3,2,2
26,4870,1,3,2
26,6738,0,0,0
26,2814,0,0,0
26,1830,0,0,0
26,11373,0,0,0
26,6503,6,27,10
26,5823,13,14,10
26,3733,1,1,1
26,6740,0,0,0
26,5821,4,2,2
26,16790,1,0,0
26,11370,0,0,0
26,6497,0,1,1
26,5272,0,0,0
26,3183,0,0,0
26,7894,3,3,1
26,6457,3,2,1
26,3928,0,0,0
26,2269,0,0,0
26,15044,0,0,0
26,13071,0,0,0
26,6466,0,0,0
26,6498,0,0,0
26,4178,4,7,4
26,22088,4,1,0
26,5672,1,0,0
26,7018,2,0,0
26,2416,0,1,0
26,7096,0,0,0
26,7893,0,1,0
26,2753,1,0,0
26,10210,2,2,2
26,1495,0,0,0
26,3329,0,0,0
26,6495,0,0,0
26,1916,2,1,0
26,9355,5,18,16
26,1849,0,0,0
26,3340,1,0,0
26,3341,2,5,0
26,1905,1,0,0
26,9242,0,0,0
26,7070,0,0,0
26,3343,0,13,2
26,6488,0,0,0
26,4244,0,0,0
26,3077,0,0,0
26,12134,1,0,0
26,4872,1,1,0
26,10209,2,2,0
26,4231,1,0,0
26,3342,0,4,0
26,3076,1,0,0
26,7807,0,0,0
26,6490,0,0,0
26,5820,3,2,1
26,4351,1,1,0
26,6501,0,0,0
26,3851,1,0,0
26,3719,0,0,0
26,4248,0,0,0
26,15063,0,0,0
26,3335,0,0,0
26,4249,0,0,0
26,10298,0,1,0
26,16227,0,2,0
26,2252,2,1,2
26,4806,1,1,0
26,1556,0,8,0
26,21404,1,1,0
26,16169,1,2,0
26,1511,0,0,0
26,6502,0,0,0
26,22087,2,1,0
26,21440,0,0,0
26,7834,1,1,0
26,7172,0,2,3
26,12168,0,0,0
26,6185,2,2,0
26,1516,0,0,0
26,1555,2,0,0
26,5663,0,0,0
26,7805,0,0,0
26,16056,0,1,0
26,3432,0,0,0
47,20949,165,178,158
47,2808,0,1,0
47,3732,3,16,3
47,17717,13,25,13
47,5822,2,7,4
47,3734,0,9,2
47,6675,0,0,0
47,3731,11,11,12
47,1855,0,0,0
47,16787,3,1,0
47,7856,0,0,0
47,4181,3,3,1
47,3331,0,1,0
47,2445,0,0,0
47,2308,7,15,14
47,4870,11,15,16
47,6738,1,0,0
47,2814,0,0,0
47,1830,0,0,0
47,11373,0,0,0
47,6503,3,30,30
47,5823,4,12,4
47,3733,2,2,2
47,6740,0,0,0
47,5821,6,4,2
47,16790,2,2,0
47,11370,0,0,0
47,6497,4,1,0
47,5272,0,0,0
47,3183,0,0,0
47,7894,2,2,0
47,6457,1,1,1
47,3928,4,1,2
47,2269,3,2,2
47,15044,0,0,0
47,13071,0,0,0
47,6466,0,0,0
47,6498,0,0,0
47,4178,3,5,1
47,22088,8,10,4
47,5672,3,3,3
47,7018,1,1,1
47,2416,0,0,0
47,7096,0,0,0
47,7893,1,1,1
47,2753,0,0,0
47,10210,7,7,7
47,1495,0,0,0
47,3329,1,1,0
47,6495,0,0,0
47,1916,0,0,0
47,9355,5,34,35
47,1849,0,0,0
47,3340,0,1,0
47,3341,3,18,6
47,1905,1,3,0
47,9242,0,0,0
47,7070,0,0,0
47,3343,1,10,3
47,6488,0,0,0
47,4244,1,1,0
47,3077,1,0,0
47,12134,1,3,2
47,4872,4,7,3
47,10209,5,5,5
47,4231,3,0,1
47,3342,0,7,1
47,3076,0,1,0
47,7807,0,0,0
47,6490,0,0,0
47,5820,2,2,1
47,4351,4,4,4
47,6501,0,0,0
47,3851,2,1,0
47,3719,2,2,1
47,4248,0,3,1
47,15063,0,0,0
47,3335,0,1,0
47,4249,3,2,1
47,10298,2,1,1
47,16227,0,2,1
47,2252,2,4,1
47,4806,4,6,5
47,1556,0,5,0
47,21404,0,0,0
47,16169,3,9,3
47,1511,0,0,0
47,6502,0,0,0
47,22087,4,6,5
47,21440,2,0,0
47,7834,2,1,1
47,7172,2,2,1
47,12168,0,0,0
47,6185,0,1,0
47,1516,0,0,0
47,1555,0,6,4
47,5663,1,1,1
47,7805,0,1,1
47,16056,0,5,2
47,3432,0,0,0
7,20949,62,55,37
7,2808,0,1,0
7,3732,1,4,0
7,17717,22,27,8
7,5822,7,5,3
7,3734,5,7,1
7,6675,0,1,1
7,3731,9,9,9
7,1855,0,0,0
7,16787,4,0,0
7,7856,4,4,1
7,4181,7,7,3
7,3331,1,8,1
7,2445,0,1,0
7,2308,1,3,1
7,4870,1,3,2
7,6738,0,0,0
7,2814,0,0,0
7,1830,0,0,0
7,11373,0,0,0
7,6503,2,27,16
7,5823,14,4,2
7,3733,1,1,1
7,6740,1,0,0
7,5821,6,11,7
7,16790,0,1,0
7,11370,0,0,0
7,6497,1,4,1
7,5272,0,0,0
7,3183,0,0,0
7,7894,3,3,2
7,6457,1,2,1
7,3928,2,1,2
7,2269,1,1,1
7,15044,0,0,0
7,13071,0,1,0
7,6466,0,0,0
7,6498,0,0,0
7,4178,6,3,2
7,22088,7,4,2
7,5672,3,3,1
7,7018,0,0,0
7,2416,0,1,0
7,7096,0,0,0
7,7893,4,3,2
7,2753,2,1,0
7,10210,8,8,8
7,1495,0,0,0
7,3329,0,1,0
7,6495,0,0,0
7,1916,0,1,0
7,9355,12,14,4
7,1849,0,0,0
7,3340,0,0,0
7,3341,1,22,11
7,1905,0,0,0
7,9242,0,0,0
7,7070,0,0,0
7,3343,13,29,10
7,6488,0,0,0
7,4244,1,2,0
7,3077,1,1,0
7,12134,2,0,0
7,4872,1,1,1
7,10209,2,2,2
7,4231,3,1,1
7,3342,1,3,0
7,3076,4,3,2
7,7807,0,0,0
7,6490,0,0,0
7,5820,1,7,2
7,4351,2,2,2
7,6501,0,0,0
7,3851,1,0,0
7,3719,0,0,0
7,4248,1,1,0
7,15063,0,0,0
7,3335,1,1,0
7,4249,0,1,0
7,10298,1,1,0
7,16227,1,2,3
7,2252,5,2,3
7,4806,6,4,4
7,1556,0,7,0
7,21404,3,2,1
7,16169,4,4,6
7,1511,0,0,0
7,6502,0,0,0
7,22087,2,1,1
7,21440,1,1,0
7,7834,1,0,0
7,7172,1,1,0
7,12168,0,0,0
7,6185,2,3,2
7,1516,0,0,0
7,1555,0,2,2
7,5663,0,1,1
7,7805,0,1,0
7,16056,2,4,0
7,3432,0,0,0
18,20949,49,22,30
18,2808,0,0,0
18,3732,1,2,0
18,17717,6,10,6
18,5822,6,6,4
18,3734,0,1,0
18,6675,0,1,0
18,3731,5,5,5
18,1855,0,0,0
18,16787,2,0,0
18,7856,1,2,1
18,4181,4,12,3
18,3331,0,0,0
18,2445,0,0,0
18,2308,3,3,3
18,4870,1,2,2
18,6738,0,0,0
18,2814,0,0,0
18,1830,0,0,0
18,11373,0,0,0
18,6503,1,20,16
18,5823,1,2,0
18,3733,2,2,1
18,6740,0,0,0
18,5821,4,4,2
18,16790,0,1,0
18,11370,0,0,0
18,6497,0,2,2
18,5272,0,0,0
18,3183,0,0,0
18,7894,0,1,0
18,6457,1,0,0
18,3928,1,1,1
18,2269,0,0,0
18,15044,0,0,0
18,13071,0,0,0
18,6466,0,0,0
18,6498,0,0,0
18,4178,3,2,0
18,22088,2,1,1
18,5672,1,1,0
18,7018,1,1,1
18,2416,0,0,0
18,7096,0,0,0
18,7893,0,0,0
18,2753,0,4,2
18,10210,7,7,7
18,1495,0,0,0
18,3329,0,1,0
18,6495,0,0,0
18,1916,0,0,0
18,9355,1,15,1
18,1849,0,0,0
18,3340,0,0,0
18,3341,1,16,2
18,1905,0,0,0
18,9242,0,0,0
18,7070,0,0,0
18,3343,0,3,1
18,6488,0,0,0
18,4244,0,0,0
18,3077,1,0,1
18,12134,0,0,0
18,4872,1,1,1
18,10209,0,36,35
18,4231,0,0,0
18,3342,0,3,0
18,3076,0,1,0
18,7807,0,0,0
18,6490,0,0,0
18,5820,6,5,3
18,4351,2,1,0
18,6501,0,0,0
18,3851,0,0,0
18,3719,0,0,0
18,4248,0,0,0
18,15063,0,0,0
18,3335,0,0,0
18,4249,0,0,0
18,10298,2,1,1
18,16227,2,0,0
18,2252,1,0,0
18,4806,2,3,3
18,1556,0,7,0
18,21404,1,0,0
18,16169,0,0,0
18,1511,0,0,0
18,6502,0,0,0
18,22087,1,1,0
18,21440,0,0,0
18,7834,1,1,0
18,7172,1,2,2
18,12168,0,0,0
18,6185,2,0,0
18,1516,0,0,0
18,1555,0,3,2
18,5663,1,1,0
18,7805,0,1,0
18,16056,1,1,0
18,3432,0,0,0
24,20949,32,30,26
24,2808,1,1,0
24,3732,2,2,0
24,17717,13,31,22
24,5822,7,11,13
24,3734,3,4,0
24,6675,0,0,0
24,3731,7,7,7
24,1855,0,0,0
24,16787,2,0,0
24,7856,4,1,1
24,4181,16,27,10
24,3331,1,3,0
24,2445,3,2,1
24,2308,2,5,3
24,4870,2,2,2
24,6738,2,0,0
24,2814,0,0,0
24,1830,0,0,0
24,11373,0,0,0
24,6503,3,18,7
24,5823,9,5,4
24,3733,1,1,1
24,6740,1,0,0
24,5821,0,0,0
24,16790,0,1,0
24,11370,0,0,0
24,6497,1,1,1
24,5272,0,0,0
24,3183,0,0,0
24,7894,4,4,0
24,6457,2,1,0
24,3928,2,1,1
24,2269,3,1,1
24,15044,0,0,0
24,13071,0,0,0
24,6466,0,0,0
24,6498,0,0,0
24,4178,6,12,3
24,22088,0,2,1
24,5672,2,1,1
24,7018,1,0,0
24,2416,0,0,0
24,7096,0,0,0
24,7893,1,1,0
24,2753,1,1,1
24,10210,3,2,0
24,1495,0,0,0
24,3329,0,0,0
24,6495,0,0,0
24,1916,0,0,0
24,9355,3,3,0
24,1849,0,0,0
24,3340,0,0,0
24,3341,1,14,6
24,1905,1,1,0
24,9242,0,0,0
24,7070,0,0,0
24,3343,0,9,3
24,6488,0,0,0
24,4244,0,2,1
24,3077,0,1,0
24,12134,25,6,5
24,4872,2,1,1
24,10209,1,1,0
24,4231,4,1,1
24,3342,0,6,1
24,3076,2,0,0
24,7807,0,0,0
24,6490,0,0,0
24,5820,2,4,3
24,4351,1,1,1
24,6501,0,0,0
24,3851,0,0,0
24,3719,0,1,0
24,4248,0,0,0
24,15063,0,0,0
24,3335,0,0,0
24,4249,1,0,0
24,10298,0,0,0
24,16227,0,1,0
24,2252,0,0,0
24,4806,1,5,6
24,1556,0,4,0
24,21404,4,2,1
24,16169,0,0,0
24,1511,0,0,0
24,6502,0,0,0
24,22087,1,1,0
24,21440,1,0,0
24,7834,3,2,1
24,7172,0,1,1
24,12168,0,0,0
24,6185,1,1,0
24,1516,0,0,0
24,1555,0,4,0
24,5663,0,0,0
24,7805,0,1,0
24,16056,0,1,0
24,3432,0,0,0
55,20949,0,0,0
55,2808,0,0,0
55,3732,0,0,0
55,17717,0,0,0
55,5822,0,0,0
55,3734,0,0,0
55,6675,0,0,1
55,3731,0,0,0
55,1855,0,0,0
55,16787,0,0,0
55,7856,0,0,0
55,4181,0,0,0
55,3331,0,0,0
55,2445,0,0,0
55,2308,0,0,0
55,4870,0,0,0
55,6738,0,0,0
55,2814,0,0,0
55,1830,0,0,0
55,11373,0,0,0
55,6503,0,0,0
55,5823,0,0,0
55,3733,0,0,0
55,6740,0,0,0
55,5821,0,0,0
55,16790,0,0,0
55,11370,0,0,0
55,6497,0,0,0
55,5272,0,0,0
55,3183,0,0,0
55,7894,0,0,0
55,6457,0,0,0
55,3928,0,0,0
55,2269,0,0,0
55,15044,0,0,0
55,13071,0,0,0
55,6466,0,0,0
55,6498,0,0,0
55,4178,0,0,0
55,22088,0,0,0
55,5672,0,0,0
55,7018,0,0,0
55,2416,0,0,0
55,7096,0,0,0
55,7893,0,0,0
55,2753,0,0,0
55,10210,0,0,0
55,1495,0,0,0
55,3329,0,0,0
55,6495,0,0,0
55,1916,0,0,0
55,9355,0,0,0
55,1849,0,0,0
55,3340,0,0,0
55,3341,0,0,0
55,1905,0,0,0
55,9242,0,0,0
55,7070,0,0,0
55,3343,0,0,0
55,6488,0,0,0
55,4244,0,0,0
55,3077,0,0,0
55,12134,0,0,0
55,4872,0,0,0
55,10209,0,0,0
55,4231,0,0,0
55,3342,0,0,0
55,3076,0,0,0
55,7807,0,0,0
55,6490,0,0,0
55,5820,0,0,0
55,4351,0,0,0
55,6501,0,0,0
55,3851,0,0,0
55,3719,0,0,0
55,4248,0,0,0
55,15063,0,0,0
55,3335,0,0,0
55,4249,0,0,0
55,10298,0,0,0
55,16227,0,0,0
55,2252,0,0,0
55,4806,0,0,0
55,1556,0,0,0
55,21404,0,0,0
55,16169,0,0,0
55,1511,0,0,0
55,6502,0,0,0
55,22087,0,0,0
55,21440,0,0,0
55,7834,0,0,0
55,7172,0,0,0
55,12168,0,0,0
55,6185,0,0,0
55,1516,0,0,0
55,1555,0,0,0
55,5663,0,0,0
55,7805,0,0,0
55,16056,0,0,0
55,3432,0,0,0
53,20949,73,78,75
53,2808,1,1,0
53,3732,0,1,0
53,17717,18,19,11
53,5822,2,2,0
53,3734,1,4,0
53,6675,0,0,0
53,3731,3,3,3
53,1855,0,0,0
53,16787,0,0,0
53,7856,1,1,1
53,4181,3,9,1
53,3331,0,1,0
53,2445,1,1,0
53,2308,5,5,4
53,4870,1,3,0
53,6738,0,0,0
53,2814,0,0,0
53,1830,0,0,0
53,11373,0,0,0
53,6503,4,27,10
53,5823,2,6,3
53,3733,1,0,1
53,6740,0,0,0
53,5821,3,2,2
53,16790,2,1,0
53,11370,0,0,0
53,6497,0,2,1
53,5272,0,0,0
53,3183,0,0,0
53,7894,3,4,1
53,6457,0,0,0
53,3928,1,0,0
53,2269,1,1,1
53,15044,0,0,0
53,13071,0,0,0
53,6466,0,0,0
53,6498,0,0,0
53,4178,1,2,0
53,22088,0,1,0
53,5672,1,1,0
53,7018,0,1,1
53,2416,0,1,0
53,7096,0,0,0
53,7893,2,2,1
53,2753,0,1,1
53,10210,3,3,3
53,1495,0,0,0
53,3329,0,0,0
53,6495,0,0,0
53,1916,0,1,0
53,9355,1,1,1
53,1849,0,0,0
53,3340,0,10,0
53,3341,2,7,1
53,1905,0,2,0
53,9242,0,0,0
53,7070,0,0,0
53,3343,0,10,2
53,6488,0,0,0
53,4244,0,0,0
53,3077,2,1,0
53,12134,1,1,1
53,4872,0,1,0
53,10209,4,4,4
53,4231,1,0,0
53,3342,0,2,0
53,3076,0,1,1
53,7807,0,0,0
53,6490,0,0,0
53,5820,0,1,1
53,4351,1,1,0
53,6501,0,0,0
53,3851,0,0,0
53,3719,0,0,0
53,4248,0,1,0
53,15063,0,0,0
53,3335,0,0,0
53,4249,1,1,0
53,10298,1,1,1
53,16227,3,1,0
53,2252,5,2,0
53,4806,10,8,11
53,1556,0,4,3
53,21404,1,0,0
53,16169,4,2,0
53,1511,0,0,0
53,6502,0,0,0
53,22087,4,3,0
53,21440,0,0,0
53,7834,0,1,1
53,7172,0,1,2
53,12168,0,0,0
53,6185,2,1,1
53,1516,0,0,0
53,1555,0,0,0
53,5663,0,0,0
53,7805,0,1,0
53,16056,0,3,1
53,3432,0,0,0
16,20949,60,51,41
16,2808,0,0,0
16,3732,1,5,0
16,17717,17,32,21
16,5822,9,7,5
16,3734,1,6,0
16,6675,0,0,1
16,3731,10,10,10
16,1855,0,0,0
16,16787,0,0,0
16,7856,1,0,0
16,4181,10,22,5
16,3331,4,2,0
16,2445,2,1,0
16,2308,2,4,1
16,4870,0,2,0
16,6738,0,0,0
16,2814,0,0,0
16,1830,0,0,0
16,11373,0,0,0
16,6503,3,16,3
16,5823,3,2,1
16,3733,1,1,1
16,6740,0,0,0
16,5821,5,4,2
16,16790,2,1,1
16,11370,0,0,0
16,6497,0,4,3
16,5272,1,0,0
16,3183,0,0,0
16,7894,2,3,1
16,6457,1,0,0
16,3928,1,0,0
16,2269,1,2,0
16,15044,0,0,0
16,13071,0,0,0
16,6466,0,0,0
16,6498,0,0,0
16,4178,1,6,2
16,22088,1,1,1
16,5672,3,1,1
16,7018,0,0,0
16,2416,0,0,0
16,7096,0,0,0
16,7893,2,2,1
16,2753,1,1,0
16,10210,1,1,1
16,1495,0,0,0
16,3329,0,1,0
16,6495,0,0,0
16,1916,0,0,0
16,9355,7,8,1
16,1849,0,0,0
16,3340,0,0,0
16,3341,1,11,2
16,1905,0,0,0
16,9242,0,0,0
16,7070,0,0,0
16,3343,2,31,12
16,6488,0,0,0
16,4244,0,1,0
16,3077,3,1,1
16,12134,1,1,0
16,4872,2,4,4
16,10209,1,1,1
16,4231,1,0,0
16,3342,0,3,0
16,3076,1,2,1
16,7807,0,0,0
16,6490,0,0,0
16,5820,1,3,1
16,4351,2,1,0
16,6501,0,0,0
16,3851,0,0,0
16,3719,0,1,0
16,4248,0,0,0
16,15063,0,0,0
16,3335,0,1,0
16,4249,0,0,0
16,10298,1,1,0
16,16227,2,2,0
16,2252,1,2,1
16,4806,0,2,0
16,1556,1,1,1
16,21404,1,2,1
16,16169,2,2,1
16,1511,0,0,0
16,6502,0,0,0
16,22087,0,0,0
16,21440,0,0,0
16,7834,0,0,0
16,7172,1,0,0
16,12168,0,0,0
16,6185,3,1,0
16,1516,0,0,0
16,1555,0,3,0
16,5663,0,0,0
16,7805,0,0,0
16,16056,0,4,2
16,3432,0,0,0
30,20949,0,0,0
30,2808,0,0,0
30,3732,0,0,0
30,17717,0,0,0
30,5822,0,0,0
30,3734,0,0,0
30,6675,0,0,0
30,3731,0,0,0
30,1855,0,0,0
30,16787,0,0,0
30,7856,0,0,0
30,4181,0,0,0
30,3331,0,0,0
30,2445,0,0,0
30,2308,0,0,0
30,4870,0,0,0
30,6738,0,0,0
30,2814,0,0,0
30,1830,0,0,0
30,11373,0,0,0
30,6503,0,0,0
30,5823,0,0,0
30,3733,0,0,0
30,6740,0,0,0
30,5821,0,0,0
30,16790,0,0,0
30,11370,0,0,0
30,6497,0,0,0
30,5272,0,0,0
30,3183,0,0,0
30,7894,0,0,0
30,6457,0,0,0
30,3928,0,0,0
30,2269,0,0,0
30,15044,0,0,0
30,13071,0,0,0
30,6466,0,0,0
30,6498,0,0,0
30,4178,0,0,0
30,22088,0,0,0
30,5672,0,0,0
30,7018,0,0,0
30,2416,0,0,0
30,7096,0,0,0
30,7893,0,0,0
30,2753,0,0,0
30,10210,0,0,0
30,1495,0,0,0
30,3329,0,0,0
30,6495,0,0,0
30,1916,0,0,0
30,9355,0,0,0
30,1849,0,0,0
30,3340,0,0,0
30,3341,0,0,0
30,1905,0,0,0
30,9242,0,0,0
30,7070,0,0,0
30,3343,0,0,0
30,6488,0,0,0
30,4244,0,0,0
30,3077,0,0,0
30,12134,0,0,0
30,4872,0,0,0
30,10209,0,0,0
30,4231,0,0,0
30,3342,0,0,0
30,3076,0,0,0
30,7807,0,0,0
30,6490,0,0,0
30,5820,0,0,0
30,4351,0,0,0
30,6501,0,0,0
30,3851,0,0,0
30,3719,0,0,0
30,4248,0,0,0
30,15063,0,0,0
30,3335,0,0,0
30,4249,0,0,0
30,10298,0,0,0
30,16227,0,0,0
30,2252,0,0,0
30,4806,0,0,0
30,1556,0,0,0
30,21404,0,0,0
30,16169,0,0,0
30,1511,0,0,0
30,6502,0,0,0
30,22087,0,0,0
30,21440,0,0,0
30,7834,0,0,0
30,7172,0,0,0
30,12168,0,0,0
30,6185,0,0,0
30,1516,0,0,0
30,1555,0,0,0
30,5663,0,0,0
30,7805,0,0,0
30,16056,0,0,0
30,3432,0,0,0
22,20949,51,77,72
22,2808,0,0,0
22,3732,0,0,0
22,17717,18,16,13
22,5822,6,11,4
22,3734,0,0,0
22,6675,0,0,0
22,3731,6,6,6
22,1855,0,0,0
22,16787,0,0,0
22,7856,3,2,0
22,4181,21,28,8
22,3331,1,1,0
22,2445,0,1,1
22,2308,0,0,0
22,4870,0,1,0
22,6738,0,0,0
22,2814,0,0,0
22,1830,0,0,0
22,11373,0,0,0
22,6503,0,5,3
22,5823,4,8,4
22,3733,0,3,0
22,6740,0,0,0
22,5821,1,1,0
22,16790,0,0,0
22,11370,0,0,0
22,6497,1,1,1
22,5272,0,0,0
22,3183,0,0,0
22,7894,0,0,0
22,6457,0,0,0
22,3928,1,0,0
22,2269,0,0,0
22,15044,0,0,0
22,13071,0,0,0
22,6466,0,0,0
22,6498,0,0,0
22,4178,6,11,4
22,22088,8,4,6
22,5672,0,0,0
22,7018,0,0,0
22,2416,0,0,0
22,7096,0,0,0
22,7893,0,0,0
22,2753,0,0,0
22,10210,2,2,2
22,1495,0,1,0
22,3329,0,0,0
22,6495,0,0,0
22,1916,0,0,0
22,9355,0,0,0
22,1849,0,0,0
22,3340,0,0,0
22,3341,0,3,1
22,1905,0,0,0
22,9242,0,0,0
22,7070,1,0,0
22,3343,0,1,1
22,6488,0,0,0
22,4244,0,0,0
22,3077,0,0,0
22,12134,2,0,0
22,4872,1,1,0
22,10209,0,35,34
22,4231,0,0,0
22,3342,0,3,0
22,3076,0,0,0
22,7807,0,0,0
22,6490,0,0,0
22,5820,2,2,2
22,4351,0,0,0
22,6501,0,0,0
22,3851,0,0,0
22,3719,0,0,0
22,4248,0,0,0
22,15063,0,0,0
22,3335,0,0,0
22,4249,0,0,0
22,10298,0,0,0
22,16227,0,0,0
22,2252,1,1,0
22,4806,1,1,0
22,1556,0,5,0
22,21404,2,0,0
22,16169,1,0,0
22,1511,0,0,0
22,6502,0,0,0
22,22087,0,2,0
22,21440,0,0,0
22,7834,0,0,0
22,7172,1,0,1
22,12168,0,0,0
22,6185,2,1,0
22,1516,0,0,0
22,1555,0,2,0
22,5663,0,0,0
22,7805,0,0,0
22,16056,0,2,0
22,3432,0,0,0
29,20949,0,0,0
29,2808,0,0,0
29,3732,0,0,0
29,17717,0,0,0
29,5822,0,0,0
29,3734,0,0,0
29,6675,0,0,0
29,3731,0,0,0
29,1855,0,0,0
29,16787,0,0,0
29,7856,0,0,0
29,4181,0,0,0
29,3331,0,0,0
29,2445,0,0,0
29,2308,0,0,0
29,4870,0,0,0
29,6738,0,0,0
29,2814,0,0,0
29,1830,0,0,0
29,11373,0,0,0
29,6503,0,0,0
29,5823,0,0,0
29,3733,0,0,0
29,6740,0,0,0
29,5821,0,0,0
29,16790,0,0,0
29,11370,0,0,0
29,6497,0,0,0
29,5272,0,0,0
29,3183,0,0,0
29,7894,0,0,0
29,6457,0,0,0
29,3928,0,0,0
29,2269,0,0,0
29,15044,0,0,0
29,13071,0,0,0
29,6466,0,0,0
29,6498,0,0,0
29,4178,0,0,0
29,22088,0,0,0
29,5672,0,0,0
29,7018,0,0,0
29,2416,0,0,0
29,7096,0,0,0
29,7893,0,0,0
29,2753,0,0,0
29,10210,0,0,0
29,1495,0,0,0
29,3329,0,0,0
29,6495,0,0,0
29,1916,0,0,0
29,9355,0,0,0
29,1849,0,0,0
29,3340,0,0,0
29,3341,0,0,0
29,1905,0,0,0
29,9242,0,0,0
29,7070,0,0,0
29,3343,0,0,0
29,6488,0,0,0
29,4244,0,0,0
29,3077,0,0,0
29,12134,0,0,0
29,4872,0,0,0
29,10209,0,0,0
29,4231,0,0,0
29,3342,0,0,0
29,3076,0,0,0
29,7807,0,0,0
29,6490,0,0,0
29,5820,0,0,0
29,4351,0,0,0
29,6501,0,0,0
29,3851,0,0,0
29,3719,0,0,0
29,4248,0,0,0
29,15063,0,0,0
29,3335,0,0,0
29,4249,0,0,0
29,10298,0,0,0
29,16227,0,0,0
29,2252,0,0,0
29,4806,0,0,0
29,1556,0,0,0
29,21404,0,0,0
29,16169,0,0,0
29,1511,0,0,0
29,6502,0,0,0
29,22087,0,0,0
29,21440,0,0,0
29,7834,0,0,0
29,7172,0,0,0
29,12168,0,0,0
29,6185,0,0,0
29,1516,0,0,0
29,1555,0,0,0
29,5663,0,0,0
29,7805,0,0,0
29,16056,0,0,0
29,3432,0,0,0
38,20949,63,48,61
38,2808,2,1,0
38,3732,0,5,0
38,17717,14,24,19
38,5822,0,3,2
38,3734,3,7,0
38,6675,0,0,0
38,3731,10,10,10
38,1855,0,0,0
38,16787,0,0,0
38,7856,0,1,0
38,4181,3,6,2
38,3331,0,2,0
38,2445,1,0,0
38,2308,2,3,1
38,4870,3,4,2
38,6738,0,1,0
38,2814,0,0,0
38,1830,0,0,0
38,11373,0,0,0
38,6503,4,21,9
38,5823,5,10,3
38,3733,2,2,0
38,6740,0,0,0
38,5821,4,2,2
38,16790,1,1,1
38,11370,0,0,0
38,6497,1,1,0
38,5272,0,0,0
38,3183,0,0,0
38,7894,1,3,1
38,6457,0,0,0
38,3928,1,1,1
38,2269,2,1,0
38,15044,0,0,0
38,13071,0,0,0
38,6466,0,0,0
38,6498,0,0,0
38,4178,0,4,3
38,22088,4,3,1
38,5672,0,0,0
38,7018,0,0,0
38,2416,0,1,0
38,7096,0,0,0
38,7893,3,3,1
38,2753,2,1,1
38,10210,4,4,4
38,1495,0,0,0
38,3329,0,0,0
38,6495,0,0,0
38,1916,0,0,0
38,9355,8,8,8
38,1849,0,0,0
38,3340,0,2,0
38,3341,1,13,4
38,1905,0,1,0
38,9242,0,0,0
38,7070,0,0,0
38,3343,0,17,3
38,6488,0,0,0
38,4244,1,0,0
38,3077,1,2,1
38,12134,1,1,0
38,4872,4,3,2
38,10209,1,1,1
38,4231,1,0,0
38,3342,1,6,1
38,3076,2,3,1
38,7807,0,0,0
38,6490,0,0,0
38,5820,3,2,0
38,4351,3,3,2
38,6501,0,0,0
38,3851,0,0,0
38,3719,2,1,0
38,4248,0,0,0
38,15063,0,0,0
38,3335,0,0,0
38,4249,1,3,0
38,10298,0,1,0
38,16227,0,1,0
38,2252,2,1,0
38,4806,2,2,2
38,1556,0,5,0
38,21404,0,0,0
38,16169,2,3,0
38,1511,0,0,0
38,6502,0,0,0
38,22087,2,0,0
38,21440,0,0,0
38,7834,0,0,0
38,7172,3,3,2
38,12168,0,0,0
38,6185,3,2,2
38,1516,0,0,0
38,1555,0,2,0
38,5663,2,1,1
38,7805,0,1,0
38,16056,0,2,1
38,3432,0,0,0
43,20949,0,0,0
43,2808,0,0,0
43,3732,0,0,0
43,17717,0,0,0
43,5822,0,0,0
43,3734,0,0,0
43,6675,0,0,0
43,3731,0,0,0
43,1855,0,0,0
43,16787,0,0,0
43,7856,0,0,0
43,4181,0,0,0
43,3331,0,0,0
43,2445,0,0,0
43,2308,0,0,0
43,4870,0,0,0
43,6738,0,0,0
43,2814,0,0,0
43,1830,0,0,0
43,11373,0,0,0
43,6503,0,0,0
43,5823,0,0,0
43,3733,0,0,0
43,6740,0,0,0
43,5821,0,0,0
43,16790,0,0,0
43,11370,0,0,0
43,6497,0,0,0
43,5272,0,0,0
43,3183,0,0,0
43,7894,0,0,0
43,6457,0,0,0
43,3928,0,0,0
43,2269,0,0,0
43,15044,0,0,0
43,13071,0,0,0
43,6466,0,0,0
43,6498,0,0,0
43,4178,0,0,0
43,22088,0,0,0
43,5672,0,0,0
43,7018,0,0,0
43,2416,0,0,0
43,7096,0,0,0
43,7893,0,0,0
43,2753,0,0,0
43,10210,0,0,0
43,1495,0,0,0
43,3329,0,0,0
43,6495,0,0,0
43,1916,0,0,0
43,9355,0,0,0
43,1849,0,0,0
43,3340,0,0,0
43,3341,0,0,0
43,1905,0,0,0
43,9242,0,0,0
43,7070,0,0,0
43,3343,0,0,0
43,6488,0,0,0
43,4244,0,0,0
43,3077,0,0,0
43,12134,0,0,0
43,4872,0,0,0
43,10209,0,0,0
43,4231,0,0,0
43,3342,0,0,0
43,3076,0,0,0
43,7807,0,0,0
43,6490,0,0,0
43,5820,0,0,0
43,4351,0,0,0
43,6501,0,0,0
43,3851,0,0,0
43,3719,0,0,0
43,4248,0,0,0
43,15063,0,0,0
43,3335,0,0,0
43,4249,0,0,0
43,10298,0,0,0
43,16227,0,0,0
43,2252,0,0,0
43,4806,0,0,0
43,1556,0,0,0
43,21404,0,0,0
43,16169,0,0,0
43,1511,0,0,0
43,6502,0,0,0
43,22087,0,0,0
43,21440,0,0,0
43,7834,0,0,0
43,7172,0,0,0
43,12168,0,0,0
43,6185,0,0,0
43,1516,0,0,0
43,1555,0,0,0
43,5663,0,0,0
43,7805,0,0,0
43,16056,0,0,0
43,3432,0,0,0
